Player Name,Likes,Inj,Pos,Salary,Team,Opp,RS,Pitcher Name,Pitcher wOBA,Pitcher wOBA Diff,Pitcher Handedness,Hitter Handedness,Hitter wOBA,Hitter wOBA Diff,Hitter ISO,Hitter ISO Diff,Batting Order (Confirmed),Batting Order (Recent Average),Batting Order Diff,Park Factor,Temperature Factor,Wind Factor,L10 FP,L80 FP,S FP,Floor FP,Ceil FP,Proj FP,Proj Val,Actual FP,Actual Val
Mike Trout,3,,OF,5500,LAA,@CLE,3.60,Carrasco,0.277,-9%,R,R,0.416,1%,0.272,4,3,3,0,-1%,4%,1%,11.2,10.8,10.3,2.0,18.7,9.3,1.7,7.0,1.3
Anthony Rizzo,0,,1B,5500,CHC,STL,4.54,Wainwright,0.292,-6%,R,L,0.381,2%,0.247,7,3,3,0,0%,4%,0%,10.3,9.4,9.9,1.5,18.3,9.4,1.7,2.0,0.4
Carlos Gonzalez,1,,OF,5400,COL,@PHI,4.63,Thompson,,1%,R,L,0.402,8%,0.286,12,x,3,-,-2%,5%,0%,12.8,9.8,9.6,0.8,18.5,0.0,0.0,0.0,0.0
Mookie Betts,9,,OF,5400,BOS,ARI,5.76,Corbin,0.333,4%,L,R,0.359,0%,0.197,1,3,1,-2,1%,4%,5%,11.4,11.3,10.8,1.7,19.8,10.5,1.9,0.0,0.0
Wil Myers,3,,1B,5300,SD,@NYM,4.32,Verrett,0.331,2%,R,R,0.332,-1%,0.179,4,2,2,0,1%,6%,2%,11.9,10.1,9.9,0.5,19.2,9.9,1.9,6.0,1.1
Logan Forsythe,6,,2B,5300,TB,@NYY,4.34,Sabathia,0.352,8%,L,R,0.352,10%,0.226,55,1,1,0,1%,5%,0%,12.2,8.4,8.4,0.6,16.2,9.7,1.8,4.0,0.8
Charlie Blackmon,4,,OF,5200,COL,@PHI,4.63,Thompson,,1%,R,L,0.356,3%,0.172,7,1,1,0,-2%,4%,0%,14.6,10.3,9.9,2.4,17.4,10.2,2.0,44.0,8.5
Daniel Murphy,5,,2B,5200,WAS,ATL,4.53,Foltynewicz,0.395,15%,R,L,0.354,4%,0.178,12,3,3,0,0%,5%,0%,8.2,10.1,9.8,1.7,17.9,9.7,1.9,14.0,2.7
Nolan Arenado,6,,3B,5200,COL,@PHI,4.63,Thompson,,-1%,R,R,0.350,-1%,0.233,0,3,4,1,-3%,5%,0%,14.3,9.4,9.9,0.1,19.8,9.1,1.8,2.0,0.4
Justin Turner,5,,3B,5200,LAD,PIT,4.16,Nova,0.333,4%,R,R,0.379,4%,0.190,5,3,3,0,-1%,0%,0%,10.9,9.2,8.3,0.4,16.1,8.5,1.6,3.0,0.6
Max Kepler,3,,OF,5200,MIN,KC,4.45,Ventura,0.308,-2%,R,L,0.396,7%,0.329,22,3,3,0,0%,0%,0%,9.1,8.9,8.9,-0.9,18.6,8.1,1.6,3.0,0.6
Jonathan Lucroy,3,,C,5100,TEX,DET,5.55,Sanchez,0.315,0%,R,R,0.352,1%,0.168,1,6,5,-1,1%,1%,0%,9.4,8.8,8.5,1.2,15.7,7.6,1.5,37.0,7.3
Miguel Cabrera,0,,1B,5100,DET,@TEX,3.95,Darvish,0.257,-13%,R,R,0.411,0%,0.231,-2,3,3,0,1%,2%,0%,14.2,9.6,9.0,0.1,17.8,7.9,1.5,8.0,1.6
C.J. Cron,,,1B,5100,LAA,@CLE,3.60,Carrasco,0.277,-9%,R,R,0.337,3%,0.198,5,x,x,-,0%,0%,0%,14.6,7.9,7.9,-1.6,17.3,0.0,0.0,0.0,0.0
Gregory Polanco,3,,OF,5100,PIT,@LAD,3.34,Stripling,,2%,R,L,0.337,6%,0.156,7,4,4,0,0%,0%,0%,9.8,9.3,9.1,1.0,17.2,7.8,1.5,0.0,0.0
Dexter Fowler,,,OF,5100,CHC,STL,4.54,Wainwright,0.292,-6%,R,S,0.334,-4%,0.155,2,x,1,-,0%,3%,0%,10.0,9.3,9.3,2.1,16.4,0.0,0.0,0.0,0.0
Jose Altuve,8,,2B,5100,HOU,@TOR,4.52,Liriano,0.306,-2%,L,R,0.401,14%,0.166,27,3,3,0,1%,0%,0%,11.7,10.2,11.0,1.8,20.2,10.3,2.0,9.0,1.8
Brian Dozier,3,,2B,5100,MIN,KC,4.45,Ventura,0.306,-2%,R,R,0.317,-5%,0.178,-9,1,1,0,0%,0%,0%,13.1,9.5,9.0,1.3,16.6,8.1,1.6,19.0,3.7
Trevor Story,0,,SS,5100,COL,@PHI,4.63,Thompson,,-1%,R,R,0.365,-1%,0.287,3,x,x,-,0%,0%,0%,12.2,9.5,10.0,0.3,19.8,0.0,0.0,0.0,0.0
Corey Seager,7,,SS,5100,LAD,PIT,4.16,Nova,0.341,5%,R,L,0.397,4%,0.231,5,2,2,0,0%,0%,0%,10.4,9.6,8.9,0.9,16.9,8.6,1.7,6.0,1.2
Starling Marte,2,,OF,5000,PIT,@LAD,3.34,Stripling,0.328,0%,R,R,0.348,0%,0.159,1,2,2,0,-2%,0%,0%,6.5,9.6,9.8,2.0,17.6,9.0,1.8,5.0,1.0
Billy Hamilton,3,,OF,5000,CIN,@MIL,4.23,Nelson,0.358,9%,R,S,0.277,0%,0.079,-11,1,1,0,0%,0%,0%,12.5,8.8,8.6,-0.2,17.4,9.6,1.9,20.0,4.0
Mike Napoli,6,,1B,5000,CLE,LAA,4.40,Skaggs,0.307,-2%,L,R,0.395,12%,0.240,14,4,4,0,-1%,4%,2%,16.1,9.9,9.4,1.5,17.3,8.3,1.7,3.0,0.6
Joey Votto,7,,1B,5000,CIN,@MIL,4.23,Nelson,0.358,9%,R,L,0.407,1%,0.195,-2,3,3,0,2%,0%,0%,8.2,9.8,8.8,1.6,16.0,9.6,1.9,12.0,2.4
Adam Duvall,3,,OF,4900,CIN,@MIL,4.23,Nelson,0.293,-5%,R,R,0.341,3%,0.298,10,4,4,0,0%,0%,0%,7.6,8.8,8.4,0.7,16.1,8.0,1.6,24.0,4.9
Xander Bogaerts,4,,SS,4900,BOS,ARI,5.76,Corbin,0.333,4%,L,R,0.367,11%,0.131,8,2,3,1,2%,4%,6%,4.3,9.5,9.3,2.0,16.7,10.9,2.2,8.0,1.6
Joe Mauer,0,,1B,4900,MIN,KC,4.45,Ventura,0.308,-2%,R,L,0.345,2%,0.130,6,2,2,0,0%,0%,0%,13.0,7.6,7.5,0.9,14.1,7.5,1.5,0.0,0.0
Travis Jankowski,2,,OF,4900,SD,@NYM,4.32,Verrett,0.316,1%,R,L,0.331,5%,0.106,-2,1,1,0,-2%,4%,1%,12.9,8.7,8.7,1.6,15.8,8.3,1.7,5.0,1.0
Yasmany Tomas,3,,OF,4900,ARI,@BOS,3.74,Price,0.291,-6%,L,R,0.373,8%,0.249,21,x,5,-,3%,5%,6%,13.8,7.9,8.0,-0.8,16.7,0.0,0.0,0.0,0.0
Dee Gordon,2,,2B,4900,MIA,CWS,4.00,Rodon,0.244,-9%,L,L,0.332,1%,0.083,-6,1,1,0,0%,0%,0%,12.0,9.0,9.0,2.5,15.5,8.2,1.7,10.0,2.0
Nelson Cruz,6,,OF,4900,SEA,@OAK,3.82,Manaea,0.357,8%,L,R,0.416,11%,0.280,11,4,4,0,0%,1%,0%,8.1,9.2,8.9,0.7,17.1,9.1,1.9,2.0,0.4
Manny Machado,3,,3B/SS,4800,BAL,@SF,3.81,Cain,0.323,1%,R,R,0.361,2%,0.204,6,3,3,0,-4%,0%,1%,11.8,9.0,9.3,0.6,18.1,8.5,1.8,8.0,1.7
Ryan Braun,4,,OF,4800,MIL,CIN,4.27,Bailey,0.277,-9%,R,R,0.349,-4%,0.193,-5,3,3,0,1%,0%,0%,13.4,9.9,9.6,0.9,18.3,8.5,1.8,0.0,0.0
Kris Bryant,0,,3B/OF,4800,CHC,STL,4.54,Wainwright,0.269,-11%,R,R,0.375,-1%,0.220,-5,2,2,0,1%,5%,0%,7.4,10.0,9.9,0.6,19.2,9.0,1.9,21.0,4.4
Brad Miller,1,,SS,4800,TB,@NYY,4.34,Sabathia,0.280,-8%,L,L,0.262,-15%,0.088,-43,4,4,0,3%,5%,0%,11.9,9.1,8.2,0.8,15.5,7.3,1.5,2.0,0.4
Shin-Soo Choo,3,,OF,4800,TEX,DET,5.55,Sanchez,0.296,-5%,R,L,0.387,6%,0.196,15,1,1,0,1%,1%,0%,7.3,9.0,9.0,2.7,15.2,9.6,2.0,5.0,1.0
Dustin Pedroia,4,,2B,4800,BOS,ARI,5.76,Corbin,0.333,4%,L,R,0.359,6%,0.150,22,1,2,1,2%,4%,5%,7.2,8.3,8.4,1.7,15.2,10.3,2.1,7.0,1.5
Jay Bruce,3,,OF,4800,NYM,SD,5.18,Clemens,0.348,10%,R,L,0.334,3%,0.223,4,4,4,0,-1%,7%,3%,5.2,9.4,9.0,0.2,17.8,10.1,2.1,5.0,1.0
Matt Carpenter,0,,2B/3B,4700,STL,@CHC,3.46,Arrieta,0.242,-17%,R,L,0.383,3%,0.186,4,1,1,0,1%,4%,0%,8.6,10.0,9.7,0.6,18.9,7.7,1.6,0.0,0.0
Giancarlo Stanton,8,,OF,4700,MIA,CWS,4.00,Rodon,0.360,9%,L,R,0.434,12%,0.341,24,4,4,0,-1%,0%,0%,8.1,8.3,8.4,0.2,16.6,10.0,2.1,0.0,0.0
Jonathan Villar,5,,SS,4700,MIL,CIN,4.27,Bailey,0.339,5%,R,S,0.314,-3%,0.122,-6,1,1,0,0%,0%,0%,14.0,10.4,9.7,1.7,17.8,9.0,1.9,0.0,0.0
Yasmani Grandal,7,,C,4700,LAD,PIT,4.16,Nova,0.341,5%,R,S,0.336,1%,0.203,12,6,6,0,0%,0%,0%,13.3,7.8,7.8,-1.0,16.5,7.5,1.6,0.0,0.0
George Springer,7,,OF,4700,HOU,@TOR,4.52,Liriano,0.306,-2%,L,R,0.385,8%,0.239,14,1,1,0,2%,0%,0%,9.0,9.7,9.2,1.2,17.1,10.5,2.2,13.0,2.8
David Ortiz,2,,1B,4700,BOS,ARI,5.76,Corbin,0.288,-6%,L,L,0.332,-15%,0.198,-28,4,3,-1,0%,5%,6%,3.9,9.9,10.0,1.9,18.1,8.7,1.9,26.0,5.5
Paul Goldschmidt,4,,1B,4700,ARI,@BOS,3.74,Price,0.291,-6%,L,R,0.443,10%,0.256,8,3,3,0,2%,4%,5%,9.4,10.1,9.5,1.8,17.3,10.7,2.3,7.0,1.5
Wilson Ramos,4,,C,4700,WAS,ATL,4.53,Foltynewicz,0.333,4%,R,R,0.319,-1%,0.163,-1,4,5,1,1%,6%,0%,10.3,8.8,8.7,1.3,16.1,8.1,1.7,0.0,0.0
Josh Donaldson,2,,3B,4600,TOR,HOU,4.48,Musgrove,,-1%,R,R,0.368,-4%,0.209,-11,2,3,1,1%,0%,0%,6.9,10.3,10.4,1.0,19.8,9.0,2.0,5.0,1.1
Jean Segura,1,,2B,4600,ARI,@BOS,3.74,Price,0.291,-6%,L,R,0.313,3%,0.124,16,1,1,0,2%,4%,5%,12.0,9.1,9.3,1.7,16.8,8.4,1.8,15.0,3.3
Miguel Sano,4,,3B/OF,4600,MIN,KC,4.45,Ventura,0.306,-2%,R,R,0.366,-2%,0.245,0,4,4,0,0%,0%,0%,11.2,8.4,8.2,0.8,15.7,8.1,1.8,16.0,3.5
Neil Walker,4,,2B,4600,NYM,SD,5.18,Clemens,0.348,10%,R,S,0.345,2%,0.192,10,3,3,0,-1%,6%,3%,10.2,6.8,7.4,-0.1,14.9,9.7,2.1,6.0,1.3
Brandon Crawford,2,,SS,4600,SF,BAL,3.69,Bundy,0.279,-3%,R,L,0.314,0%,0.163,5,5,5,0,-1%,0%,0%,9.6,8.0,7.6,-0.3,15.4,6.5,1.4,0.0,0.0
Ben Zobrist,,,2B/OF,4500,CHC,STL,4.54,Wainwright,0.292,-6%,R,S,0.339,-1%,0.149,3,x,4,-,0%,4%,0%,7.3,8.3,8.2,1.3,15.2,0.0,0.0,0.0,0.0
Jose Abreu,2,,1B,4500,CWS,@MIA,3.50,Cashner,0.282,-8%,R,R,0.378,2%,0.225,4,4,4,0,-3%,0%,0%,9.8,7.1,7.2,1.1,13.3,7.4,1.6,8.0,1.8
Adrian Gonzalez,7,,1B,4500,LAD,PIT,4.16,Nova,0.341,5%,R,L,0.363,4%,0.200,10,5,5,0,0%,0%,0%,9.3,7.2,7.2,0.6,13.7,7.9,1.8,5.0,1.1
Pedro Alvarez,2,,1B,4500,BAL,@SF,3.81,Cain,0.334,4%,R,L,0.350,5%,0.251,11,x,6,-,-7%,0%,1%,12.7,7.7,7.7,-0.5,15.9,0.0,0.0,0.0,0.0
Justin Bour,,,1B,4500,MIA,CWS,4.00,Rodon,0.244,-9%,L,L,0.251,-11%,0.063,-32,x,x,-,0%,0%,0%,10.9,7.5,7.5,-0.7,15.7,0.0,0.0,0.0,0.0
Evan Longoria,8,,3B,4500,TB,@NYY,4.34,Sabathia,0.352,8%,L,R,0.378,12%,0.223,14,3,3,0,2%,6%,0%,7.2,8.7,8.3,0.7,15.8,10.2,2.3,21.0,4.7
Devon Travis,6,,2B,4400,TOR,HOU,4.48,Musgrove,,-1%,R,R,0.373,2%,0.199,2,1,1,0,1%,0%,0%,11.6,8.6,8.6,1.1,16.1,8.5,1.9,3.0,0.7
Rougned Odor,4,,2B,4400,TEX,DET,5.55,Sanchez,0.296,-5%,R,L,0.330,1%,0.202,6,5,4,-1,1%,2%,0%,9.8,9.0,9.0,1.1,16.8,8.2,1.9,3.0,0.7
Adam Jones,3,,OF,4400,BAL,@SF,3.81,Cain,0.323,1%,R,R,0.340,0%,0.202,2,1,1,0,-4%,0%,1%,9.3,9.0,8.4,0.8,16.1,7.9,1.8,10.0,2.3
Brandon Phillips,2,,2B,4400,CIN,@MIL,4.23,Nelson,0.293,-5%,R,R,0.310,0%,0.117,0,5,5,0,0%,0%,0%,10.8,7.0,6.9,0.2,13.6,6.5,1.5,20.0,4.5
Martin Prado,7,,3B,4400,MIA,CWS,4.00,Rodon,0.360,9%,L,R,0.400,22%,0.172,41,2,2,0,0%,0%,0%,7.7,7.8,7.8,1.8,13.7,8.7,2.0,7.0,1.6
Angel Pagan,1,,OF,4400,SF,BAL,3.69,Bundy,0.279,-3%,R,S,0.309,0%,0.104,1,2,2,0,-1%,0%,0%,9.2,8.0,7.9,0.9,14.9,6.8,1.5,7.0,1.6
Denard Span,1,,OF,4400,SF,BAL,3.69,Bundy,0.279,-3%,R,L,0.345,6%,0.125,15,1,1,0,-1%,0%,0%,9.0,7.0,7.3,0.6,14.0,7.4,1.7,7.0,1.6
Mitch Moreland,3,,1B,4400,TEX,DET,5.55,Sanchez,0.296,-5%,R,L,0.339,4%,0.213,8,7,6,-1,1%,2%,0%,7.8,7.2,7.0,0.3,13.7,6.9,1.6,14.0,3.2
Troy Tulowitzki,4,,SS,4400,TOR,HOU,4.48,Musgrove,,-1%,R,R,0.362,-4%,0.204,-3,5,6,1,1%,0%,0%,9.4,7.9,7.7,0.4,15.0,7.2,1.6,0.0,0.0
Yasiel Puig,,,OF,4400,LAD,PIT,4.16,Nova,0.333,4%,R,R,0.362,0%,0.183,1,x,x,-,0%,0%,0%,8.9,7.1,7.1,0.1,14.1,0.0,0.0,0.0,0.0
Robinson Cano,1,,2B,4300,SEA,@OAK,3.82,Manaea,,0%,L,L,0.327,-10%,0.133,-25,3,3,0,-2%,1%,0%,9.5,8.3,9.0,0.9,17.1,7.2,1.7,0.0,0.0
Rajai Davis,5,,OF,4300,CLE,LAA,4.40,Skaggs,0.307,-2%,L,R,0.356,13%,0.179,27,1,3,2,-1%,3%,1%,9.2,9.2,9.0,0.0,18.0,9.4,2.2,28.0,6.5
Brett Gardner,0,,OF,4300,NYY,TB,4.16,Archer,0.297,-4%,R,L,0.333,1%,0.151,6,1,1,0,1%,4%,0%,8.9,7.6,7.6,0.9,14.2,8.2,1.9,4.0,0.9
Aledmys Diaz,,,SS,4300,STL,@CHC,3.46,Arrieta,0.251,-15%,R,R,0.391,3%,0.224,8,x,x,-,0%,0%,0%,7.4,8.7,8.7,1.4,16.0,0.0,0.0,0.0,0.0
Chris Young,,,OF,4300,BOS,ARI,5.76,Corbin,0.333,4%,L,R,0.350,11%,0.209,11,x,x,-,0%,0%,0%,5.6,7.4,7.4,-0.5,15.3,0.0,0.0,0.0,0.0
David Wright,,,3B,4300,NYM,SD,5.18,Clemens,0.398,14%,R,R,0.324,-7%,0.139,-11,x,x,-,0%,0%,0%,6.9,8.0,8.0,0.5,15.6,0.0,0.0,0.0,0.0
Carlos Beltran,2,,OF,4300,TEX,DET,5.55,Sanchez,0.296,-5%,R,S,0.357,3%,0.200,0,3,3,0,1%,2%,0%,7.4,8.8,8.5,0.7,16.4,8.4,2.0,23.0,5.3
Adrian Beltre,2,,3B,4300,TEX,DET,5.55,Sanchez,0.315,0%,R,R,0.343,-4%,0.161,-8,4,4,0,1%,2%,0%,8.4,8.2,7.8,0.2,15.4,8.2,1.9,15.0,3.5
Christian Yelich,1,,OF,4300,MIA,CWS,4.00,Rodon,0.244,-9%,L,L,0.312,-11%,0.089,-31,3,3,0,-1%,0%,0%,10.3,9.0,8.9,2.2,15.6,6.8,1.6,0.0,0.0
Hanley Ramirez,4,,1B,4200,BOS,ARI,5.76,Corbin,0.333,4%,L,R,0.390,8%,0.249,25,5,4,-1,2%,4%,6%,4.9,8.2,8.0,0.1,15.9,9.7,2.3,36.0,8.6
Bryce Harper,3,,OF,4200,WAS,ATL,4.53,Foltynewicz,0.395,15%,R,L,0.404,4%,0.253,9,x,3,-,0%,5%,0%,4.9,7.4,8.3,1.5,15.2,0.0,0.0,0.0,0.0
Coco Crisp,0,,OF,4200,OAK,SEA,4.18,Wieland,,1%,R,S,0.329,5%,0.160,7,1,1,0,-1%,1%,0%,5.7,7.5,7.5,0.2,14.9,8.1,1.9,3.0,0.7
Jake Lamb,1,,3B,4200,ARI,@BOS,3.74,Price,0.281,-8%,L,L,0.265,-12%,0.146,-24,7,4,-3,0%,4%,6%,8.5,9.4,9.4,1.2,17.5,6.8,1.6,0.0,0.0
Curtis Granderson,4,,OF,4200,NYM,SD,5.18,Clemens,0.348,10%,R,L,0.343,3%,0.195,5,1,1,0,-1%,6%,3%,6.5,7.1,7.5,0.0,14.9,10.7,2.5,5.0,1.2
Yangervis Solarte,2,,2B/3B,4200,SD,@NYM,4.32,Verrett,0.316,1%,R,S,0.329,0%,0.149,0,3,3,0,-3%,6%,2%,8.3,8.5,8.5,0.0,17.0,7.6,1.8,4.0,1.0
Brandon Moss,0,,1B/OF,4200,STL,@CHC,3.46,Arrieta,0.242,-17%,R,L,0.355,3%,0.253,10,3,4,1,0%,5%,0%,9.4,8.7,8.7,0.9,16.5,7.1,1.7,0.0,0.0
Jose Ramirez,3,,3B/OF,4200,CLE,LAA,4.40,Skaggs,0.307,-2%,L,S,0.306,1%,0.099,-6,5,5,0,-1%,3%,1%,12.5,8.4,8.2,2.3,14.2,7.3,1.7,45.0,10.7
Mark Reynolds,0,,1B,4200,COL,@PHI,4.63,Thompson,,-1%,R,R,0.322,1%,0.186,4,x,5,-,-2%,5%,0%,9.5,7.3,7.5,0.7,14.2,0.0,0.0,0.0,0.0
Eduardo Nunez,1,,3B/SS,4200,SF,BAL,3.69,Bundy,,-4%,R,R,0.321,3%,0.121,-11,7,4,-3,-1%,0%,0%,6.6,8.7,9.1,0.9,17.3,6.6,1.6,0.0,0.0
David Dahl,8,,OF,4200,COL,@PHI,4.63,Thompson,,1%,R,L,0.423,4%,0.279,10,4,4,0,-2%,5%,0%,11.5,10.6,10.6,5.3,15.8,8.2,2.0,2.0,0.5
Marcell Ozuna,4,,OF,4200,MIA,CWS,4.00,Rodon,0.360,9%,L,R,0.375,12%,0.223,28,5,5,0,-1%,0%,0%,5.5,8.3,8.3,1.2,15.3,8.3,2.0,2.0,0.5
Mark Trumbo,0,,OF,4200,BAL,@SF,3.81,Cain,0.323,1%,R,R,0.320,-3%,0.194,-10,4,5,1,-5%,0%,1%,6.3,8.1,8.6,-0.4,17.7,7.4,1.8,16.0,3.8
Joc Pederson,3,,OF,4100,LAD,PIT,4.16,Nova,0.341,5%,R,L,0.349,4%,0.222,6,7,7,0,0%,0%,0%,8.4,7.5,7.6,0.4,14.8,7.5,1.8,12.0,2.9
Ian Kinsler,0,,2B,4100,DET,@TEX,3.95,Darvish,0.257,-13%,R,R,0.329,-2%,0.146,-2,1,1,0,1%,2%,0%,9.9,9.4,9.5,1.8,17.3,7.1,1.7,9.0,2.2
Khris Davis,3,,OF,4100,OAK,SEA,4.18,Wieland,,-1%,R,R,0.347,1%,0.245,0,4,4,0,-1%,1%,0%,5.2,8.6,8.1,-1.0,17.2,7.6,1.9,21.0,5.1
Paulo Orlando,0,,OF,4100,KC,@MIN,4.05,Gibson,0.305,-3%,R,R,0.313,-3%,0.140,-3,1,5,4,1%,0%,0%,8.6,6.7,6.7,0.1,13.2,7.2,1.8,15.0,3.7
Michael Brantley,,,OF,4100,CLE,LAA,4.40,Skaggs,0.308,-6%,L,L,0.335,-6%,0.122,-19,x,x,-,0%,0%,0%,6.4,6.4,6.4,-0.3,13.1,0.0,0.0,0.0,0.0
Jorge Soler,0,,OF,4100,CHC,STL,4.54,Wainwright,0.269,-11%,R,R,0.325,0%,0.179,5,4,6,2,1%,5%,0%,7.9,6.9,6.9,0.3,13.5,6.3,1.5,23.0,5.6
Welington Castillo,2,,C,4100,ARI,@BOS,3.74,Price,0.291,-6%,L,R,0.361,11%,0.219,27,x,7,-,3%,5%,6%,8.2,7.2,7.2,-0.5,14.8,0.0,0.0,0.0,0.0
Francisco Lindor,5,,SS,4100,CLE,LAA,4.40,Skaggs,0.307,-2%,L,S,0.361,3%,0.159,3,3,3,0,-1%,3%,1%,9.0,8.9,8.7,1.3,16.2,7.7,1.9,22.0,5.4
Brandon Belt,0,,1B,4100,SF,BAL,3.69,Bundy,0.279,-3%,R,L,0.367,1%,0.204,2,3,3,0,-1%,0%,0%,10.1,7.8,8.0,0.6,15.5,7.6,1.9,5.0,1.2
Edwin Encarnacion,4,,1B,4100,TOR,HOU,4.48,Musgrove,,-1%,R,R,0.389,1%,0.282,3,3,4,1,1%,0%,0%,8.2,10.3,9.5,0.5,18.5,9.0,2.2,19.0,4.6
Jason Kipnis,,,2B,4100,CLE,LAA,4.40,Skaggs,0.308,-6%,L,L,0.307,-10%,0.128,-16,2,2,0,0%,3%,1%,9.4,9.3,8.8,1.7,16.0,7.2,1.8,31.0,7.6
Anthony Rendon,4,,3B,4100,WAS,ATL,4.53,Foltynewicz,0.333,4%,R,R,0.332,-2%,0.158,2,5,5,0,0%,5%,0%,9.9,8.7,8.1,1.5,14.6,8.1,2.0,16.0,3.9
DJ LeMahieu,3,,2B,4100,COL,@PHI,4.63,Thompson,,-1%,R,R,0.318,-1%,0.102,7,2,2,0,-3%,4%,0%,9.7,8.5,8.4,1.3,15.6,7.8,1.9,19.0,4.6
Danny Valencia,2,,3B,4100,OAK,SEA,4.18,Wieland,,-1%,R,R,0.315,-9%,0.182,-4,6,4,-2,-1%,1%,0%,5.1,7.5,7.4,-0.8,15.5,6.4,1.6,5.0,1.2
Evan Gattis,3,,C,4100,HOU,@TOR,4.52,Liriano,0.306,-2%,L,R,0.334,2%,0.233,3,6,5,-1,3%,0%,0%,5.9,7.1,6.9,-0.7,14.4,7.7,1.9,16.0,3.9
Andrew McCutchen,2,,OF,4000,PIT,@LAD,3.34,Stripling,0.328,0%,R,R,0.374,-1%,0.190,-3,3,3,0,0%,0%,0%,7.2,6.9,7.3,-0.4,14.9,8.1,2.0,26.0,6.5
Buster Posey,3,,C,4000,SF,BAL,3.69,Bundy,,-4%,R,R,0.355,-2%,0.151,-8,4,4,0,-2%,0%,0%,8.8,8.6,8.3,1.0,15.6,7.1,1.8,2.0,0.5
Yoenis Cespedes,,,OF,4000,NYM,SD,5.18,Clemens,0.398,14%,R,R,0.345,0%,0.221,-1,x,x,-,0%,0%,0%,6.2,8.9,8.7,1.4,16.0,0.0,0.0,0.0,0.0
Jayson Werth,3,,OF,4000,WAS,ATL,4.53,Foltynewicz,0.333,4%,R,R,0.342,-5%,0.159,-11,2,2,0,1%,5%,0%,10.1,8.0,7.6,0.9,14.3,7.9,2.0,7.0,1.8
Odubel Herrera,0,,OF,4000,PHI,COL,3.87,Gray,0.302,-1%,R,L,0.352,4%,0.150,17,2,3,1,0%,4%,0%,6.9,8.1,8.1,0.4,15.8,8.1,2.0,18.0,4.5
Matt Duffy,1,,3B,4000,TB,@NYY,4.34,Sabathia,0.352,8%,L,R,0.315,1%,0.093,-8,2,x,0,1%,5%,0%,8.6,6.7,6.7,0.3,13.2,8.5,2.1,3.0,0.8
Adam Eaton,2,,OF,4000,CWS,@MIA,3.50,Cashner,0.338,5%,R,L,0.342,2%,0.148,18,1,2,1,-1%,0%,0%,6.4,7.8,7.7,0.8,14.5,8.1,2.0,14.0,3.5
Michael Taylor,,,OF,4000,WAS,ATL,4.53,Foltynewicz,0.333,4%,R,R,0.201,-4%,0.037,-6,x,x,-,0%,0%,0%,5.8,7.3,7.3,-0.7,15.2,0.0,0.0,0.0,0.0
Marcus Semien,1,,SS,4000,OAK,SEA,4.18,Wieland,,-1%,R,R,0.292,-6%,0.150,-11,2,4,2,-1%,1%,0%,5.7,7.4,7.0,0.0,14.0,7.2,1.8,16.0,4.0
Ichiro Suzuki,1,,OF,4000,MIA,CWS,4.00,Rodon,0.244,-9%,L,L,0.339,13%,0.097,34,x,6,-,0%,0%,0%,7.5,8.3,8.3,2.2,14.3,0.0,0.0,5.0,1.3
Lucas Duda,,,1B,4000,NYM,SD,5.18,Clemens,0.348,10%,R,L,0.370,5%,0.244,10,x,x,-,0%,0%,0%,4.3,7.1,7.1,-0.4,14.7,0.0,0.0,0.0,0.0
Jose Peraza,,,2B/OF,4000,CIN,@MIL,4.23,Nelson,0.293,-5%,R,R,0.257,-4%,0.038,-13,x,x,-,0%,0%,0%,8.9,8.0,8.0,2.9,13.0,0.0,0.0,0.0,0.0
Zack Cozart,0,,SS,3900,CIN,@MIL,4.23,Nelson,0.293,-5%,R,R,0.282,-3%,0.121,-10,2,2,0,0%,0%,0%,6.6,7.7,7.8,0.9,14.7,7.0,1.8,0.0,0.0
Sean Rodriguez,0,,OF/SS,3900,PIT,@LAD,3.34,Stripling,0.328,0%,R,R,0.295,-5%,0.184,-1,7,8,1,0%,0%,0%,7.6,7.0,7.0,0.7,13.3,6.3,1.6,0.0,0.0
Billy Butler,,,1B,3900,OAK,SEA,4.18,Wieland,,-1%,R,R,0.318,-2%,0.117,-7,x,6,-,0%,1%,0%,8.6,5.8,5.8,0.1,11.6,0.0,0.0,0.0,0.0
Albert Pujols,,,1B,3900,LAA,@CLE,3.60,Carrasco,0.277,-9%,R,R,0.337,1%,0.196,-2,4,4,0,-1%,4%,1%,5.8,8.4,8.0,0.0,16.0,7.4,1.9,7.0,1.8
Carlos Correa,8,,SS,3900,HOU,@TOR,4.52,Liriano,0.306,-2%,L,R,0.335,-2%,0.185,-4,4,4,0,2%,0%,0%,10.6,8.8,8.8,0.6,16.9,8.9,2.3,7.0,1.8
Chris Davis,2,,1B,3900,BAL,@SF,3.81,Cain,0.334,4%,R,L,0.390,6%,0.309,10,5,5,0,-7%,0%,1%,5.9,7.7,7.8,-0.3,15.9,8.2,2.1,19.0,4.9
Jackie Bradley Jr.,3,,OF,3900,BOS,ARI,5.76,Corbin,0.288,-6%,L,L,0.318,-1%,0.135,-21,6,5,-1,1%,4%,5%,4.5,8.9,8.5,1.1,16.0,7.8,2.0,2.0,0.5
Trea Turner,6,,2B/OF,3900,WAS,ATL,4.53,Foltynewicz,0.333,4%,R,R,0.345,0%,0.209,6,1,1,0,0%,4%,0%,9.2,10.5,10.5,3.1,17.8,9.1,2.3,23.0,5.9
Jose Bautista,,,OF,3900,TOR,HOU,4.48,Musgrove,,-1%,R,R,0.379,-1%,0.248,-1,x,x,-,0%,0%,0%,7.3,8.1,8.0,1.3,14.8,0.0,0.0,0.0,0.0
Tyler Naquin,,,OF,3900,CLE,LAA,4.40,Skaggs,0.308,-6%,L,L,0.351,-7%,0.208,-20,x,7,-,1%,4%,1%,5.0,8.5,8.5,0.3,16.7,0.0,0.0,0.0,0.0
Rickie Weeks,1,,OF,3900,ARI,@BOS,3.74,Price,0.291,-6%,L,R,0.355,10%,0.207,26,4,5,1,3%,4%,5%,7.8,7.4,7.4,1.1,13.7,7.2,1.8,19.0,4.9
Matt Joyce,1,,OF,3900,PIT,@LAD,3.34,Stripling,,2%,R,L,0.334,3%,0.169,2,x,4,-,1%,0%,0%,9.6,7.9,7.9,-0.1,15.8,0.0,0.0,0.0,0.0
Ryan Schimpf,3,,2B,3900,SD,@NYM,4.32,Verrett,0.316,1%,R,L,0.374,5%,0.342,22,5,5,0,-2%,6%,3%,7.2,8.2,8.2,0.4,15.9,8.0,2.1,36.0,9.2
Eddie Rosario,2,,OF,3900,MIN,KC,4.45,Ventura,0.308,-2%,R,L,0.314,0%,0.196,6,5,6,1,0%,0%,0%,10.0,7.1,7.1,0.0,14.2,7.1,1.8,0.0,0.0
Eric Hosmer,3,,1B,3900,KC,@MIN,4.05,Gibson,0.331,3%,R,L,0.349,3%,0.158,6,4,4,0,-1%,0%,0%,6.1,7.1,7.5,1.0,14.0,8.1,2.1,7.0,1.8
Jarrod Dyson,1,,OF,3900,KC,@MIN,4.05,Gibson,0.331,3%,R,L,0.304,2%,0.107,11,x,1,-,0%,0%,0%,8.4,6.2,6.2,0.9,11.4,0.0,0.0,0.0,0.0
Jurickson Profar,2,,1B/2B,3900,TEX,DET,5.55,Sanchez,0.296,-5%,R,S,0.328,6%,0.141,20,x,6,-,1%,1%,0%,8.1,7.3,7.3,1.6,12.9,0.0,0.0,0.0,0.0
Hernan Perez,4,,3B/OF,3800,MIL,CIN,4.27,Bailey,0.277,-9%,R,R,0.264,-3%,0.063,-28,6,5,-1,0%,0%,0%,11.1,8.8,8.8,1.0,16.6,6.2,1.6,3.0,0.8
Victor Martinez,0,,1B,3800,DET,@TEX,3.95,Darvish,0.304,-3%,R,S,0.343,-2%,0.160,-4,4,4,0,3%,2%,0%,10.0,7.5,7.7,-0.5,16.0,7.5,2.0,0.0,0.0
Jefry Marte,,,1B/3B,3800,LAA,@CLE,3.60,Carrasco,0.277,-9%,R,R,0.296,-3%,0.163,-4,7,6,-1,-1%,4%,1%,7.8,6.8,6.8,0.2,13.4,5.4,1.4,0.0,0.0
Alex Bregman,2,,3B,3800,HOU,@TOR,4.52,Liriano,0.306,-2%,L,R,,3%,,6,2,2,0,2%,0%,0%,6.5,4.5,4.5,-0.5,9.5,7.5,2.0,10.0,2.6
Marwin Gonzalez,3,,1B/3B,3800,HOU,@TOR,4.52,Liriano,0.306,-2%,L,S,0.334,7%,0.171,16,5,6,1,2%,0%,0%,8.4,7.5,7.3,0.5,14.1,7.0,1.8,3.0,0.8
Freddie Freeman,1,,1B,3800,ATL,@WAS,2.97,Strasburg,0.271,-10%,R,L,0.388,4%,0.214,12,3,3,0,0%,5%,0%,10.8,8.8,8.3,-0.4,17.0,8.2,2.2,31.0,8.2
Alex Dickerson,3,,OF,3800,SD,@NYM,4.32,Verrett,0.316,1%,R,L,0.369,4%,0.261,14,4,4,0,-3%,6%,2%,10.6,9.0,9.0,0.7,17.2,8.1,2.1,7.0,1.8
Kevin Kiermaier,,,OF,3800,TB,@NYY,4.34,Sabathia,0.280,-8%,L,L,0.268,-12%,0.106,-30,x,2,-,2%,5%,0%,8.6,7.0,7.0,0.4,13.6,0.0,0.0,0.0,0.0
Freddy Galvis,1,,SS,3800,PHI,COL,3.87,Gray,0.302,-1%,R,S,0.285,4%,0.128,15,7,8,1,0%,4%,0%,9.3,6.4,6.3,-0.4,13.1,6.3,1.7,6.0,1.6
Jacoby Ellsbury,1,,OF,3800,NYY,TB,4.16,Archer,0.297,-4%,R,L,0.328,2%,0.129,8,2,2,0,0%,4%,0%,8.3,7.3,7.4,1.1,13.7,8.2,2.2,0.0,0.0
Ian Desmond,2,,OF,3800,TEX,DET,5.55,Sanchez,0.315,0%,R,R,0.321,-2%,0.172,-1,2,2,0,1%,2%,0%,5.4,9.5,9.2,1.2,17.2,9.1,2.4,8.0,2.1
Brandon Guyer,1,,OF,3800,CLE,LAA,4.40,Skaggs,0.307,-2%,L,R,0.383,14%,0.171,22,6,7,1,-1%,3%,1%,5.7,7.0,7.0,-0.1,14.2,7.0,1.8,30.0,7.9
Kyle Seager,0,,3B,3800,SEA,@OAK,3.82,Manaea,,0%,L,L,0.310,-10%,0.169,-10,6,5,-1,-2%,1%,0%,7.2,8.5,8.4,1.0,15.8,6.9,1.8,14.0,3.7
Jung-ho Kang,0,,3B,3800,PIT,@LAD,3.34,Stripling,0.328,0%,R,R,0.353,2%,0.191,1,x,5,-,0%,0%,0%,5.0,7.7,7.7,0.4,15.0,0.0,0.0,0.0,0.0
Jose Reyes,,,3B,3800,NYM,SD,5.18,Clemens,0.348,10%,R,S,0.322,1%,0.115,-4,x,x,-,0%,0%,0%,8.1,9.0,9.0,1.1,16.9,0.0,0.0,0.0,0.0
Nomar Mazara,2,,OF,3800,TEX,DET,5.55,Sanchez,0.296,-5%,R,L,0.350,6%,0.170,16,8,8,0,1%,2%,0%,6.9,6.5,6.8,0.2,13.3,6.5,1.7,0.0,0.0
Eugenio Suarez,1,,3B,3800,CIN,@MIL,4.23,Nelson,0.293,-5%,R,R,0.301,-4%,0.141,-7,7,7,0,0%,0%,0%,7.3,7.0,7.3,-0.8,15.5,6.3,1.7,9.0,2.4
Willson Contreras,0,,C/OF,3700,CHC,STL,4.54,Wainwright,0.269,-11%,R,R,0.341,0%,0.167,1,6,8,2,1%,4%,0%,5.8,7.0,7.0,1.3,12.7,6.3,1.7,23.0,6.2
Nick Markakis,,,OF,3700,ATL,@WAS,2.97,Strasburg,0.271,-10%,R,L,0.331,4%,0.114,19,5,5,0,2%,4%,0%,9.9,6.8,7.0,1.2,12.8,6.2,1.7,0.0,0.0
Cameron Rupp,0,,C,3700,PHI,COL,3.87,Gray,0.336,2%,R,R,0.290,-7%,0.141,-15,6,5,-1,1%,5%,0%,9.6,7.4,7.4,0.2,14.5,6.3,1.7,6.0,1.6
Franklin Gutierrez,5,,OF,3700,SEA,@OAK,3.82,Manaea,0.357,8%,L,R,0.381,4%,0.260,0,2,2,0,0%,1%,0%,8.0,6.9,6.9,-1.3,15.0,7.6,2.1,2.0,0.5
J.D. Martinez,1,,OF,3700,DET,@TEX,3.95,Darvish,0.257,-13%,R,R,0.360,-1%,0.214,-5,5,5,0,1%,2%,0%,10.5,8.7,8.7,1.5,16.0,7.8,2.1,9.0,2.4
Brett Eibner,,,OF,3700,OAK,SEA,4.18,Wieland,,-1%,R,R,0.233,-4%,0.170,-1,x,7,-,-1%,1%,0%,5.2,6.7,6.7,-0.2,13.5,0.0,0.0,0.0,0.0
Todd Frazier,,,3B,3700,CWS,@MIA,3.50,Cashner,0.282,-8%,R,R,0.330,-2%,0.195,-8,5,6,1,-4%,0%,0%,6.5,8.6,8.2,0.2,16.3,6.8,1.8,9.0,2.4
Cory Spangenberg,,,2B,3700,SD,@NYM,4.32,Verrett,0.316,1%,R,L,0.310,-1%,0.149,10,x,x,-,0%,0%,0%,8.4,6.7,6.7,-1.4,14.8,0.0,0.0,0.0,0.0
Kennys Vargas,1,,1B,3700,MIN,KC,4.45,Ventura,0.308,-2%,R,S,0.315,-2%,0.187,8,x,5,-,-1%,0%,0%,10.3,9.8,9.8,0.7,18.9,0.0,0.0,0.0,0.0
Cheslor Cuthbert,1,,3B,3700,KC,@MIN,4.05,Gibson,0.305,-3%,R,R,0.315,-2%,0.139,-4,2,2,0,1%,0%,0%,8.0,7.0,6.9,0.6,13.2,7.1,1.9,3.0,0.8
Hyun-Soo Kim,1,,OF,3600,BAL,@SF,3.81,Cain,0.334,4%,R,L,0.397,7%,0.127,-1,2,2,0,-5%,0%,0%,6.5,7.3,7.3,1.7,12.8,8.0,2.2,5.0,1.4
Carlos Santana,0,,1B,3600,CLE,LAA,4.40,Skaggs,0.307,-2%,L,S,0.352,1%,0.155,-19,x,2,-,-1%,4%,1%,7.6,8.7,8.5,0.7,16.3,0.0,0.0,0.0,0.0
Jon Jay,,,OF,3600,SD,@NYM,4.32,Verrett,0.316,1%,R,L,0.315,0%,0.088,3,x,x,-,0%,0%,0%,6.9,7.2,7.2,1.6,12.7,0.0,0.0,0.0,0.0
Mallex Smith,1,,OF,3600,ATL,@WAS,2.97,Strasburg,0.271,-10%,R,L,0.359,6%,0.177,9,x,x,-,0%,0%,0%,9.1,7.6,7.6,0.3,14.9,0.0,0.0,0.0,0.0
Cameron Maybin,,,OF,3600,DET,@TEX,3.95,Darvish,0.257,-13%,R,R,0.302,-1%,0.086,-8,x,x,-,0%,0%,0%,9.6,8.8,8.8,1.5,16.1,0.0,0.0,0.0,0.0
Joe Panik,,,2B,3600,SF,BAL,3.69,Bundy,0.279,-3%,R,L,0.329,0%,0.128,8,8,7,-1,0%,0%,0%,3.7,7.3,7.3,1.0,13.7,5.7,1.6,5.0,1.4
Justin Smoak,2,,1B,3600,TOR,HOU,4.48,Musgrove,,1%,R,S,0.333,5%,0.210,13,7,8,1,1%,0%,0%,5.7,6.8,6.8,0.6,13.0,6.9,1.9,5.0,1.4
Chris Owings,0,,OF/SS,3600,ARI,@BOS,3.74,Price,0.291,-6%,L,R,0.281,1%,0.147,19,5,7,2,3%,4%,5%,8.7,6.9,6.9,0.8,13.0,7.2,2.0,6.0,1.7
Addison Russell,,,SS,3600,CHC,STL,4.54,Wainwright,0.269,-11%,R,R,0.324,5%,0.151,0,5,5,0,1%,4%,0%,7.1,7.2,7.1,0.4,13.8,6.8,1.9,11.0,3.1
Elvis Andrus,1,,SS,3600,TEX,DET,5.55,Sanchez,0.315,0%,R,R,0.285,-5%,0.070,-15,9,8,-1,1%,1%,0%,8.2,7.5,7.3,1.0,13.6,6.2,1.7,0.0,0.0
Robbie Grossman,,,OF,3600,MIN,KC,4.45,Ventura,0.308,-2%,R,S,0.316,-1%,0.116,1,9,7,-2,0%,0%,0%,6.8,7.7,7.7,1.3,14.0,5.7,1.6,0.0,0.0
Johnny Giavotella,,,2B,3600,LAA,@CLE,3.60,Carrasco,0.277,-9%,R,R,0.306,3%,0.126,16,x,9,-,-1%,3%,0%,6.4,6.7,6.1,-0.5,12.8,0.0,0.0,0.0,0.0
Kole Calhoun,1,,OF,3600,LAA,@CLE,3.60,Carrasco,0.293,-5%,R,L,0.336,1%,0.170,3,2,2,0,3%,4%,1%,5.8,7.9,7.6,0.9,14.2,7.7,2.1,21.0,5.8
Chris Herrmann,,,C,3600,ARI,@BOS,3.74,Price,0.281,-8%,L,L,0.269,-7%,0.105,-22,x,x,-,0%,0%,0%,7.0,9.6,9.6,1.7,17.5,0.0,0.0,0.0,0.0
David Freese,,,1B/3B,3600,PIT,@LAD,3.34,Stripling,0.328,0%,R,R,0.313,-4%,0.123,-13,5,4,-1,0%,0%,0%,7.8,7.7,7.7,1.3,14.1,6.1,1.7,8.0,2.2
Randal Grichuk,0,,OF,3600,STL,@CHC,3.46,Arrieta,0.251,-15%,R,R,0.348,5%,0.245,8,7,x,0,3%,5%,0%,3.6,7.0,7.0,-0.2,14.2,6.7,1.9,5.0,1.4
Jake Smolinski,1,,OF,3600,OAK,SEA,4.18,Wieland,,-1%,R,R,0.267,-11%,0.098,-23,7,6,-1,-1%,1%,0%,4.3,6.5,6.5,0.2,12.7,6.1,1.7,0.0,0.0
Juan Lagares,,,OF,3600,NYM,SD,5.18,Clemens,0.398,14%,R,R,0.277,-4%,0.095,-12,x,x,-,0%,0%,0%,4.1,4.8,4.8,-1.6,11.2,0.0,0.0,0.0,0.0
Ender Inciarte,0,,OF,3500,ATL,@WAS,2.97,Strasburg,0.271,-10%,R,L,0.327,6%,0.108,20,1,2,1,2%,4%,0%,9.1,6.8,6.7,1.8,11.7,7.6,2.2,7.0,2.0
Nick Franklin,,,1B/OF,3500,TB,@NYY,4.34,Sabathia,0.352,8%,L,S,0.258,-2%,0.087,-13,x,5,-,1%,5%,0%,5.8,7.2,7.2,-1.1,15.5,0.0,0.0,0.0,0.0
Terrance Gore,,,OF,3500,KC,@MIN,4.05,Gibson,0.305,-3%,R,R,,-2%,,-2,x,x,-,0%,0%,0%,0.0,0.0,0.0,0.0,0.0,0.0,0.0,0.0,0.0
Rusney Castillo,,,OF,3500,BOS,ARI,5.76,Corbin,0.333,4%,L,R,0.339,5%,0.134,6,x,x,-,0%,0%,0%,5.0,5.0,5.0,0.0,10.0,0.0,0.0,0.0,0.0
Maikel Franco,1,,3B,3500,PHI,COL,3.87,Gray,0.336,2%,R,R,0.325,1%,0.192,0,4,3,-1,1%,5%,0%,7.4,7.1,7.1,-1.0,15.2,8.2,2.3,2.0,0.6
Steven Souza,1,,OF,3500,TB,@NYY,4.34,Sabathia,0.352,8%,L,R,0.320,3%,0.195,10,7,7,0,2%,5%,0%,6.8,6.5,6.7,-0.8,14.2,8.1,2.3,0.0,0.0
Melky Cabrera,3,,OF,3500,CWS,@MIA,3.50,Cashner,0.338,5%,R,S,0.334,2%,0.133,1,3,2,-1,-2%,0%,0%,5.9,7.6,7.4,0.4,14.3,7.7,2.2,7.0,2.0
Chase Utley,4,,2B,3500,LAD,PIT,4.16,Nova,0.341,5%,R,L,0.328,3%,0.151,2,1,1,0,-1%,0%,0%,6.1,7.0,7.0,0.3,13.7,7.4,2.1,6.0,1.7
J.T. Realmuto,5,,C,3500,MIA,CWS,4.00,Rodon,0.360,9%,L,R,0.302,1%,0.152,11,6,6,0,0%,0%,0%,7.9,7.5,7.3,0.5,14.1,6.9,2.0,5.0,1.4
Chris Carter,3,,1B,3500,MIL,CIN,4.27,Bailey,0.277,-9%,R,R,0.325,-3%,0.240,-2,5,5,0,1%,0%,0%,8.3,7.0,7.7,-0.4,15.8,7.2,2.1,6.0,1.7
David Peralta,,,OF,3500,ARI,@BOS,3.74,Price,0.281,-8%,L,L,0.275,-14%,0.119,-28,x,x,-,0%,0%,0%,4.0,7.0,7.0,0.5,13.5,0.0,0.0,0.0,0.0
Salvador Perez,1,,C,3500,KC,@MIN,4.05,Gibson,0.305,-3%,R,R,0.318,2%,0.162,1,6,6,0,1%,0%,0%,4.2,6.4,6.8,-0.6,14.1,6.8,1.9,7.0,2.0
Travis Shaw,0,,1B/3B,3500,BOS,ARI,5.76,Corbin,0.288,-6%,L,L,0.340,-5%,0.244,-7,x,6,-,1%,4%,6%,5.2,7.0,7.3,-0.3,14.9,0.0,0.0,0.0,0.0
Trayce Thompson,,,OF,3500,LAD,PIT,4.16,Nova,0.333,4%,R,R,0.332,-1%,0.205,-1,x,x,-,0%,0%,0%,5.9,7.0,7.0,-0.7,14.7,0.0,0.0,0.0,0.0
Cesar Hernandez,0,,2B,3500,PHI,COL,3.87,Gray,0.302,-1%,R,S,0.296,-3%,0.076,7,1,1,0,0%,3%,0%,7.5,6.8,6.5,0.6,12.4,7.3,2.1,22.0,6.3
Robinson Chirinos,,,C,3500,TEX,DET,5.55,Sanchez,0.315,0%,R,R,0.305,-3%,0.189,-5,x,8,-,1%,2%,0%,2.9,6.0,6.0,-1.9,14.0,0.0,0.0,0.0,0.0
Lorenzo Cain,1,,OF,3500,KC,@MIN,4.05,Gibson,0.305,-3%,R,R,0.312,-5%,0.110,-15,3,3,0,1%,0%,0%,5.6,7.3,7.4,0.0,14.7,7.8,2.2,9.0,2.6
Trevor Plouffe,,,3B,3500,MIN,KC,4.45,Ventura,0.306,-2%,R,R,0.308,-3%,0.163,0,6,5,-1,1%,0%,0%,7.4,6.4,6.4,-0.6,13.4,6.5,1.9,0.0,0.0
Matt Szczur,0,,OF,3500,CHC,STL,4.54,Wainwright,0.269,-11%,R,R,0.276,-5%,0.064,-18,1,9,8,1%,4%,0%,5.2,5.4,5.4,-0.3,11.1,6.8,1.9,41.0,11.7
Alcides Escobar,,,SS,3500,KC,@MIN,4.05,Gibson,0.305,-3%,R,R,0.267,-1%,0.065,-7,8,4,-4,1%,0%,0%,5.0,5.5,5.7,0.6,10.9,5.4,1.5,8.0,2.3
Tim Anderson,1,,SS,3500,CWS,@MIA,3.50,Cashner,0.282,-8%,R,R,0.277,-5%,0.122,-6,7,2,-5,-1%,0%,0%,5.3,6.8,6.8,1.1,12.6,5.8,1.7,5.0,1.4
Michael Conforto,1,,OF,3500,NYM,SD,5.18,Clemens,0.348,10%,R,L,0.356,7%,0.247,13,x,6,-,-1%,6%,3%,4.8,6.6,6.6,-0.7,13.8,0.0,0.0,0.0,0.0
Seth Smith,,,OF,3500,SEA,@OAK,3.82,Manaea,,0%,L,L,0.285,-11%,0.102,-30,x,2,-,-1%,1%,0%,5.8,7.3,7.3,-0.1,14.6,0.0,0.0,0.0,0.0
Delino DeShields,0,,OF,3500,TEX,DET,5.55,Sanchez,0.315,0%,R,R,0.307,0%,0.114,3,x,9,-,0%,1%,0%,5.8,6.2,6.2,-0.7,13.1,0.0,0.0,0.0,0.0
A.J. Reed,,,1B,3500,HOU,@TOR,4.52,Liriano,0.269,-11%,L,L,,-7%,,-21,x,7,-,1%,0%,0%,3.0,3.7,3.7,-0.9,8.3,0.0,0.0,0.0,0.0
Aaron Hill,2,,2B/3B,3400,BOS,ARI,5.76,Corbin,0.333,4%,L,R,0.315,1%,0.135,2,7,6,-1,2%,4%,5%,6.1,7.0,6.6,-1.4,14.5,7.5,2.2,6.0,1.8
Josh Reddick,6,,OF,3400,LAD,PIT,4.16,Nova,0.341,5%,R,L,0.350,7%,0.192,16,4,4,0,0%,0%,0%,3.2,7.0,7.0,0.4,13.6,7.9,2.3,0.0,0.0
Michael Saunders,1,,OF,3400,TOR,HOU,4.48,Musgrove,,1%,R,L,0.339,0%,0.187,-1,4,6,2,1%,0%,0%,4.2,8.1,8.2,0.1,16.3,8.0,2.4,14.0,4.1
Danny Santana,,,OF,3400,MIN,KC,4.45,Ventura,0.308,-2%,R,S,0.306,1%,0.119,1,x,9,-,0%,0%,0%,6.3,6.6,6.6,0.8,12.5,0.0,0.0,0.0,0.0
Alex Gordon,,,OF,3400,KC,@MIN,4.05,Gibson,0.331,3%,R,L,0.322,-3%,0.148,-5,7,7,0,-1%,0%,0%,5.1,5.7,5.7,0.2,11.3,6.6,1.9,5.0,1.5
Hunter Pence,0,,OF,3400,SF,BAL,3.69,Bundy,,-4%,R,R,0.345,-1%,0.174,-5,6,6,0,-2%,0%,0%,4.2,7.7,7.7,1.0,14.5,6.7,2.0,5.0,1.5
Tyler Saladino,1,,2B/SS,3400,CWS,@MIA,3.50,Cashner,0.282,-8%,R,R,0.275,-3%,0.129,2,2,6,4,-1%,0%,0%,5.7,6.6,6.6,-0.9,14.2,6.8,2.0,17.0,5.0
Luis Valbuena,,,3B,3400,HOU,@TOR,4.52,Liriano,0.269,-11%,L,L,0.286,-12%,0.125,-31,x,x,-,0%,0%,0%,6.7,7.2,7.2,0.2,14.1,0.0,0.0,0.0,0.0
Tommy La Stella,,,2B/3B,3400,CHC,STL,4.54,Wainwright,0.292,-6%,R,L,0.306,-2%,0.094,-1,x,x,-,0%,0%,0%,5.5,6.9,6.9,-0.5,14.3,0.0,0.0,0.0,0.0
Javier Baez,,,2B/3B,3400,CHC,STL,4.54,Wainwright,0.269,-11%,R,R,0.268,-8%,0.139,-10,8,8,0,1%,5%,0%,3.4,7.4,7.4,0.1,14.6,6.7,2.0,19.0,5.6
Keon Broxton,,,OF,3400,MIL,CIN,4.27,Bailey,0.277,-9%,R,R,0.252,-4%,0.188,1,x,7,-,1%,0%,0%,12.0,6.6,6.6,-0.5,13.7,0.0,0.0,0.0,0.0
Carlos Gomez,,,OF,3400,HOU,@TOR,4.52,Liriano,0.306,-2%,L,R,0.343,2%,0.201,12,x,7,-,2%,0%,0%,4.4,5.8,5.8,-0.4,12.0,0.0,0.0,0.0,0.0
Yunel Escobar,0,,3B,3400,LAA,@CLE,3.60,Carrasco,0.277,-9%,R,R,0.318,-2%,0.092,-4,1,1,0,-1%,3%,1%,5.9,7.1,7.0,1.8,12.2,6.1,1.8,3.0,0.9
Tucker Barnhart,3,,C,3400,CIN,@MIL,4.23,Nelson,0.358,9%,R,S,0.303,5%,0.111,10,8,8,0,1%,0%,0%,6.6,5.8,5.8,0.3,11.4,6.2,1.8,3.0,0.9
Taylor Motter,,,OF/SS,3400,TB,@NYY,4.34,Sabathia,0.352,8%,L,R,,3%,,6,x,x,-,0%,0%,0%,4.9,4.7,4.7,-2.3,11.8,0.0,0.0,0.0,0.0
Sandy Leon,2,,C,3400,BOS,ARI,5.76,Corbin,0.333,4%,L,S,0.313,4%,0.146,9,x,7,-,2%,4%,5%,7.4,8.2,8.2,0.3,16.0,0.0,0.0,0.0,0.0
Avisail Garcia,,,OF,3400,CWS,@MIA,3.50,Cashner,0.282,-8%,R,R,0.298,-2%,0.122,-6,x,x,-,0%,0%,0%,10.6,6.4,6.3,-0.7,13.3,0.0,0.0,0.0,0.0
Matt Wieters,0,,C,3400,BAL,@SF,3.81,Cain,0.334,4%,R,S,0.301,-3%,0.151,-10,7,7,0,-5%,0%,0%,4.0,6.1,6.1,-1.1,13.3,5.9,1.7,11.0,3.2
Jaff Decker,,,OF,3400,TB,@NYY,4.34,Sabathia,0.280,-8%,L,L,,-7%,,-21,x,x,-,0%,0%,0%,2.0,2.0,2.0,-0.1,4.1,0.0,0.0,0.0,0.0
James Loney,2,,1B,3400,NYM,SD,5.18,Clemens,0.348,10%,R,L,0.337,5%,0.118,10,5,5,0,-1%,6%,2%,3.8,6.1,6.1,-0.3,12.5,7.8,2.3,5.0,1.5
Tim Beckham,1,,2B/SS,3400,TB,@NYY,4.34,Sabathia,0.352,8%,L,R,0.304,2%,0.206,7,8,8,0,1%,5%,0%,5.1,6.1,6.1,-0.8,12.9,6.8,2.0,7.0,2.1
Stephen Vogt,1,,C,3400,OAK,SEA,4.18,Wieland,,1%,R,L,0.334,3%,0.171,5,3,4,1,-1%,1%,0%,5.2,6.7,6.5,-0.5,13.5,7.4,2.2,14.0,4.1
Kelly Johnson,1,,2B/3B,3400,NYM,SD,5.18,Clemens,0.348,10%,R,L,0.309,0%,0.166,4,x,7,-,-1%,6%,3%,7.1,5.5,5.5,0.0,10.9,0.0,0.0,0.0,0.0
Adam Lind,,,1B,3400,SEA,@OAK,3.82,Manaea,,0%,L,L,0.239,-21%,0.092,-39,x,6,-,-2%,1%,0%,5.9,6.6,6.6,-1.9,15.0,0.0,0.0,0.0,0.0
Carlos Perez,,,C,3400,LAA,@CLE,3.60,Carrasco,0.277,-9%,R,R,0.286,3%,0.127,13,x,8,-,-1%,4%,1%,6.2,5.3,5.3,-2.5,13.0,0.0,0.0,0.0,0.0
Brock Holt,,,OF,3400,BOS,ARI,5.76,Corbin,0.288,-6%,L,L,0.328,1%,0.104,-5,x,6,-,1%,4%,5%,3.2,6.3,6.3,0.5,12.1,0.0,0.0,0.0,0.0
Colin Moran,,,3B,3300,HOU,@TOR,4.52,Liriano,0.269,-11%,L,L,,-7%,,-21,x,x,-,0%,0%,0%,2.4,2.4,2.4,-1.9,6.7,0.0,0.0,0.0,0.0
Scooter Gennett,4,,2B,3300,MIL,CIN,4.27,Bailey,0.339,5%,R,L,0.336,5%,0.147,7,4,4,0,0%,0%,0%,7.4,7.2,7.5,1.7,13.2,7.5,2.3,8.0,2.4
Adonis Garcia,,,3B,3300,ATL,@WAS,2.97,Strasburg,0.284,-7%,R,R,0.309,-3%,0.167,-1,6,6,0,2%,5%,0%,6.9,6.6,6.6,0.0,13.1,6.3,1.9,5.0,1.5
Christian Walker,,,1B,3300,BAL,@SF,3.81,Cain,0.323,1%,R,R,,-2%,,-2,x,x,-,0%,0%,0%,0.0,0.0,0.0,0.0,0.0,0.0,0.0,0.0,0.0
Jonathan Schoop,1,,2B,3300,BAL,@SF,3.81,Cain,0.323,1%,R,R,0.328,5%,0.206,16,6,7,1,-4%,0%,1%,3.8,7.9,7.3,0.1,14.5,6.6,2.0,7.0,2.1
Yonder Alonso,,,1B,3300,OAK,SEA,4.18,Wieland,,1%,R,L,0.317,2%,0.117,6,5,5,0,-1%,1%,0%,8.2,6.2,5.6,0.5,10.7,6.3,1.9,10.0,3.0
Chase Headley,,,3B,3300,NYY,TB,4.16,Archer,0.297,-4%,R,S,0.313,-1%,0.127,-2,8,4,-4,1%,5%,0%,6.0,6.9,6.2,0.1,12.3,6.2,1.9,3.0,0.9
Gerardo Parra,1,,OF,3300,COL,@PHI,4.63,Thompson,,1%,R,L,0.329,5%,0.158,15,5,6,1,-3%,4%,0%,3.9,7.0,7.0,-0.3,14.3,7.8,2.4,3.0,0.9
Nick Castellanos,,,3B,3300,DET,@TEX,3.95,Darvish,0.257,-13%,R,R,0.317,-1%,0.160,-3,x,x,-,0%,0%,0%,4.6,7.5,7.8,0.2,15.5,0.0,0.0,0.0,0.0
Prince Fielder,,,1B,3300,TEX,DET,5.55,Sanchez,0.296,-5%,R,L,0.351,4%,0.158,2,x,x,-,0%,0%,0%,4.9,5.8,5.9,0.8,11.0,0.0,0.0,0.0,0.0
Jared Hoying,,,OF,3300,TEX,DET,5.55,Sanchez,0.296,-5%,R,L,,2%,,4,x,x,-,0%,0%,0%,4.1,4.1,4.1,0.0,8.2,0.0,0.0,0.0,0.0
Lonnie Chisenhall,,,OF,3300,CLE,LAA,4.40,Skaggs,0.308,-6%,L,L,0.287,-9%,0.101,-27,x,6,-,1%,4%,1%,6.3,7.3,7.3,0.0,14.6,0.0,0.0,0.0,0.0
Jett Bandy,1,,C,3300,LAA,@CLE,3.60,Carrasco,0.277,-9%,R,R,0.305,-3%,0.150,-4,x,7,-,-1%,4%,1%,8.7,7.2,7.2,1.5,12.9,0.0,0.0,0.0,0.0
Andre Ethier,,,OF,3300,LAD,PIT,4.16,Nova,0.341,5%,R,L,0.359,6%,0.172,10,x,x,-,0%,0%,0%,0.0,0.0,0.0,0.0,0.0,0.0,0.0,0.0,0.0
Joey Gallo,,,3B/OF,3300,TEX,DET,5.55,Sanchez,0.296,-5%,R,L,0.328,3%,0.238,12,x,x,-,0%,0%,0%,4.0,4.0,4.0,-2.7,10.7,0.0,0.0,0.0,0.0
Justin Morneau,3,,1B,3300,CWS,@MIA,3.50,Cashner,0.338,5%,R,L,0.370,7%,0.185,12,x,5,-,-4%,0%,0%,8.4,7.2,7.2,0.3,14.2,0.0,0.0,0.0,0.0
Christian Bethancourt,0,,C,3300,SD,@NYM,4.32,Verrett,0.331,2%,R,R,0.245,-6%,0.102,-3,7,7,0,1%,6%,2%,5.1,6.0,6.0,-0.7,12.6,6.5,2.0,14.0,4.2
Kendrys Morales,,,1B/OF,3300,KC,@MIN,4.05,Gibson,0.331,3%,R,S,0.329,0%,0.182,7,5,5,0,-1%,0%,0%,6.0,7.2,6.8,-1.1,14.6,7.2,2.2,21.0,6.4
Didi Gregorius,0,,SS,3300,NYY,TB,4.16,Archer,0.297,-4%,R,L,0.318,3%,0.149,15,6,6,0,1%,5%,0%,7.1,7.7,7.0,0.6,13.4,6.7,2.0,9.0,2.7
Ryan Zimmerman,,,1B,3300,WAS,ATL,4.53,Foltynewicz,0.333,4%,R,R,0.319,-4%,0.171,-10,x,x,-,0%,0%,0%,6.4,7.2,7.2,-0.2,14.5,0.0,0.0,0.0,0.0
Adam Frazier,0,,2B/OF,3300,PIT,@LAD,3.34,Stripling,,2%,R,L,0.332,2%,0.204,7,x,1,-,-1%,0%,0%,6.5,7.0,7.0,0.2,13.8,0.0,0.0,0.0,0.0
Brett Wallace,,,1B/3B,3300,SD,@NYM,4.32,Verrett,0.316,1%,R,L,0.338,4%,0.217,12,x,x,-,0%,0%,0%,6.6,5.8,5.8,-0.6,12.1,0.0,0.0,0.0,0.0
Chris Taylor,,,2B/SS,3300,LAD,PIT,4.16,Nova,0.333,4%,R,R,0.250,-6%,0.064,-16,x,x,-,0%,0%,0%,8.1,7.6,7.6,-4.1,19.4,0.0,0.0,3.0,0.9
Corey Dickerson,0,,OF,3300,TB,@NYY,4.34,Sabathia,0.280,-8%,L,L,0.288,-13%,0.106,-38,6,6,0,5%,6%,0%,5.5,6.3,6.5,-0.9,13.8,6.8,2.1,0.0,0.0
Jorge Polanco,2,,2B/3B,3300,MIN,KC,4.45,Ventura,0.308,-2%,R,S,0.378,4%,0.211,8,7,7,0,0%,0%,0%,9.3,9.2,9.2,4.5,14.0,6.4,1.9,0.0,0.0
Tommy Joseph,0,,1B,3300,PHI,COL,3.87,Gray,0.336,2%,R,R,0.321,-2%,0.238,7,x,4,-,1%,6%,0%,7.1,7.5,7.5,-0.2,15.1,0.0,0.0,0.0,0.0
Darin Ruf,,,1B/OF,3300,PHI,COL,3.87,Gray,0.336,2%,R,R,0.278,-12%,0.153,-13,x,x,-,0%,0%,0%,4.1,3.5,3.5,0.5,6.5,0.0,0.0,0.0,0.0
Peter O'Brien,,,OF,3300,ARI,@BOS,3.74,Price,0.291,-6%,L,R,,3%,,6,x,x,-,0%,0%,0%,5.9,5.9,5.9,-3.8,15.6,0.0,0.0,0.0,0.0
Michael Bourn,,,OF,3300,ARI,@BOS,3.74,Price,0.281,-8%,L,L,0.281,-3%,0.058,-32,9,2,-7,2%,3%,5%,6.0,7.3,7.3,0.4,14.2,5.8,1.8,0.0,0.0
Ryan Rua,,,1B/OF,3200,TEX,DET,5.55,Sanchez,0.315,0%,R,R,0.291,-5%,0.137,-6,x,7,-,1%,2%,0%,4.1,7.0,7.0,-0.1,14.1,0.0,0.0,0.0,0.0
Matt Holliday,,,OF,3200,STL,@CHC,3.46,Arrieta,0.251,-15%,R,R,0.355,-1%,0.174,-3,x,4,-,2%,5%,0%,7.0,7.3,7.5,-0.8,15.8,0.0,0.0,0.0,0.0
Tony Kemp,,,OF,3200,HOU,@TOR,4.52,Liriano,0.269,-11%,L,L,,-7%,,-21,x,6,-,-1%,0%,0%,6.7,5.9,5.9,0.5,11.3,0.0,0.0,2.0,0.6
Whit Merrifield,,,2B/OF,3200,KC,@MIN,4.05,Gibson,0.305,-3%,R,R,0.275,-5%,0.099,-9,x,x,-,0%,0%,0%,4.3,7.0,7.0,0.9,13.2,0.0,0.0,0.0,0.0
Josh Harrison,0,,2B,3200,PIT,@LAD,3.34,Stripling,0.328,0%,R,R,0.316,-3%,0.135,-1,1,2,1,-3%,0%,0%,6.5,6.3,6.7,0.9,12.6,6.9,2.2,5.0,1.6
Jason Rogers,,,1B,3200,PIT,@LAD,3.34,Stripling,0.328,0%,R,R,0.348,0%,0.143,-2,x,x,-,0%,0%,0%,4.4,4.4,4.4,-2.1,10.9,0.0,0.0,0.0,0.0
Conor Gillaspie,,,3B,3200,SF,BAL,3.69,Bundy,0.279,-3%,R,L,0.320,4%,0.147,5,x,6,-,-1%,0%,0%,5.6,5.7,5.7,-1.8,13.3,0.0,0.0,0.0,0.0
Stephen Drew,,,2B/SS,3200,WAS,ATL,4.53,Foltynewicz,0.395,15%,R,L,0.316,5%,0.203,10,x,x,-,0%,0%,0%,6.7,6.1,6.1,-0.2,12.4,0.0,0.0,0.0,0.0
Scott Van Slyke,,,1B/OF,3200,LAD,PIT,4.16,Nova,0.333,4%,R,R,0.305,-8%,0.146,-15,x,x,-,0%,0%,0%,5.2,4.7,4.7,-0.1,9.6,0.0,0.0,0.0,0.0
Brandon Drury,0,,3B/OF,3200,ARI,@BOS,3.74,Price,0.291,-6%,L,R,0.281,1%,0.168,7,6,6,0,3%,4%,6%,4.7,6.4,6.4,0.4,12.4,6.9,2.2,5.0,1.6
Ji-Man Choi,,,1B/OF,3200,LAA,@CLE,3.60,Carrasco,0.293,-5%,R,L,0.279,0%,0.198,8,x,6,-,3%,4%,1%,5.5,5.3,5.3,-1.3,11.9,0.0,0.0,0.0,0.0
Marco Hernandez,,,2B/3B,3200,BOS,ARI,5.76,Corbin,0.333,4%,L,S,,3%,,6,x,x,-,0%,0%,0%,7.9,7.9,7.9,2.2,13.6,0.0,0.0,0.0,0.0
Byron Buxton,,,OF,3200,MIN,KC,4.45,Ventura,0.306,-2%,R,R,0.267,-1%,0.132,1,x,9,-,1%,0%,0%,4.0,5.3,5.3,0.4,10.1,0.0,0.0,0.0,0.0
Kevin Pillar,,,OF,3200,TOR,HOU,4.48,Musgrove,,-1%,R,R,0.294,-2%,0.126,2,x,x,-,0%,0%,0%,7.1,6.8,6.6,-0.4,13.7,0.0,0.0,0.0,0.0
Ivan De Jesus,,,3B/SS,3200,CIN,@MIL,4.23,Nelson,0.293,-5%,R,R,0.280,-3%,0.095,-9,x,2,-,0%,0%,0%,3.0,4.6,4.6,0.2,9.0,0.0,0.0,7.0,2.2
Jarrett Parker,0,,OF,3200,SF,BAL,3.69,Bundy,0.279,-3%,R,L,0.421,8%,0.252,13,x,x,-,0%,0%,0%,4.4,6.0,6.0,0.0,12.0,0.0,0.0,0.0,0.0
Josh Rutledge,,,2B/3B,3200,BOS,ARI,5.76,Corbin,0.333,4%,L,R,0.304,2%,0.118,5,x,x,-,0%,0%,0%,6.8,6.7,6.7,-0.3,13.7,0.0,0.0,0.0,0.0
Russell Martin,2,,C,3200,TOR,HOU,4.48,Musgrove,,-1%,R,R,0.334,0%,0.169,6,6,5,-1,1%,0%,0%,7.3,6.7,6.3,-0.6,13.2,6.8,2.1,0.0,0.0
Alejandro De Aza,0,,OF,3200,NYM,SD,5.18,Clemens,0.348,10%,R,L,0.321,2%,0.145,4,7,2,-5,-1%,5%,2%,6.0,4.7,4.7,-0.8,10.1,7.0,2.2,4.0,1.3
Nori Aoki,,,OF,3200,SEA,@OAK,3.82,Manaea,,0%,L,L,0.332,5%,0.051,-38,x,1,-,1%,0%,0%,6.6,6.3,6.3,1.1,11.4,0.0,0.0,0.0,0.0
Albert Almora,,,OF,3200,CHC,STL,4.54,Wainwright,0.269,-11%,R,R,0.301,-2%,0.064,-7,x,x,-,0%,0%,0%,5.8,5.3,5.3,-0.7,11.4,0.0,0.0,0.0,0.0
Josh Phegley,,,C,3200,OAK,SEA,4.18,Wieland,,-1%,R,R,0.259,-7%,0.137,-9,x,x,-,0%,0%,0%,6.3,5.4,5.4,-0.1,10.9,0.0,0.0,0.0,0.0
Jason Heyward,,,OF,3200,CHC,STL,4.54,Wainwright,0.292,-6%,R,L,0.342,4%,0.141,8,x,6,-,0%,4%,0%,4.0,6.3,6.5,0.7,12.3,0.0,0.0,0.0,0.0
Tyler Holt,,,OF,3200,CIN,@MIL,4.23,Nelson,0.293,-5%,R,R,0.226,-7%,0.035,-20,x,7,-,0%,0%,0%,3.4,5.6,5.6,1.0,10.1,0.0,0.0,0.0,0.0
Ryan Howard,0,,1B,3200,PHI,COL,3.87,Gray,0.302,-1%,R,L,0.321,4%,0.201,4,5,4,-1,1%,5%,0%,9.1,6.0,6.0,-0.9,13.0,6.7,2.1,30.0,9.4
Abraham Almonte,0,,OF,3200,CLE,LAA,4.40,Skaggs,0.307,-2%,L,S,0.274,-1%,0.092,-10,7,8,1,-1%,3%,1%,8.7,7.3,7.3,2.0,12.6,6.1,1.9,5.0,1.6
Reymond Fuentes,,,OF,3100,KC,@MIN,4.05,Gibson,0.331,3%,R,L,0.263,-1%,0.015,-10,x,x,-,0%,0%,0%,5.9,4.9,4.9,0.7,9.1,0.0,0.0,0.0,0.0
Logan Morrison,,,1B,3100,TB,@NYY,4.34,Sabathia,0.280,-8%,L,L,0.275,-10%,0.083,-39,x,x,-,0%,0%,0%,4.7,6.5,6.5,-0.3,13.3,0.0,0.0,0.0,0.0
Adam Rosales,,,2B/3B,3100,SD,@NYM,4.32,Verrett,0.331,2%,R,R,0.267,-7%,0.144,-4,x,x,-,0%,0%,0%,7.0,6.0,6.0,-0.8,12.7,0.0,0.0,0.0,0.0
Junior Lake,,,OF,3100,TOR,HOU,4.48,Musgrove,,-1%,R,R,0.266,-8%,0.126,-11,x,x,-,0%,0%,0%,5.8,5.3,5.3,1.0,9.5,0.0,0.0,0.0,0.0
Domingo Santana,,,OF,3100,MIL,CIN,4.27,Bailey,0.277,-9%,R,R,0.285,-6%,0.148,-5,x,x,-,0%,0%,0%,6.7,7.1,7.1,0.7,13.5,0.0,0.0,0.0,0.0
Gregor Blanco,,,OF,3100,SF,BAL,3.69,Bundy,0.279,-3%,R,L,0.312,0%,0.106,3,x,8,-,0%,0%,0%,3.3,5.5,5.5,0.1,10.9,0.0,0.0,0.0,0.0
Ben Paulsen,,,1B/OF,3100,COL,@PHI,4.63,Thompson,,1%,R,L,0.339,0%,0.182,-1,7,x,0,-2%,5%,0%,6.6,6.0,6.0,0.0,12.0,6.8,2.2,0.0,0.0
Steve Selsky,,,OF,3100,CIN,@MIL,4.23,Nelson,0.293,-5%,R,R,,-2%,,-2,x,x,-,0%,0%,0%,2.5,2.5,2.5,-1.0,6.0,0.0,0.0,0.0,0.0
Alen Hanson,,,SS,3100,PIT,@LAD,3.34,Stripling,,2%,R,S,,2%,,4,x,x,-,0%,0%,0%,0.0,0.0,0.0,0.0,0.0,0.0,0.0,0.0,0.0
Ben Revere,0,,OF,3100,WAS,ATL,4.53,Foltynewicz,0.395,15%,R,L,0.291,-2%,0.059,-5,8,8,0,1%,4%,0%,4.3,6.4,6.4,-0.7,13.5,7.1,2.3,4.0,1.3
Jedd Gyorko,0,,2B/3B,3100,STL,@CHC,3.46,Arrieta,0.251,-15%,R,R,0.298,-3%,0.172,2,5,6,1,3%,5%,0%,4.7,7.3,7.3,-0.7,15.3,6.0,1.9,17.0,5.5
Clint Robinson,,,1B,3100,WAS,ATL,4.53,Foltynewicz,0.395,15%,R,L,0.317,0%,0.164,11,x,7,-,0%,5%,0%,3.9,5.8,5.8,-0.1,11.6,0.0,0.0,0.0,0.0
Tommy Pham,,,OF,3100,STL,@CHC,3.46,Arrieta,0.251,-15%,R,R,0.368,3%,0.255,12,x,6,-,2%,4%,0%,7.1,7.4,7.4,-1.2,16.0,0.0,0.0,2.0,0.6
Oswaldo Arcia,,,OF,3100,TB,@NYY,4.34,Sabathia,0.280,-8%,L,L,0.275,-11%,0.111,-34,x,x,-,0%,0%,0%,4.4,6.0,6.0,-0.8,12.8,0.0,0.0,0.0,0.0
Daniel Descalso,1,,1B/OF,3100,COL,@PHI,4.63,Thompson,,1%,R,L,0.295,0%,0.116,5,8,7,-1,-3%,4%,0%,6.5,6.6,6.6,1.3,11.8,6.1,2.0,4.0,1.3
Starlin Castro,,,2B,3100,NYY,TB,4.16,Archer,0.285,-7%,R,R,0.301,0%,0.125,2,7,5,-2,0%,5%,0%,7.9,6.3,6.4,-0.5,13.4,6.2,2.0,23.0,7.4
Jhonny Peralta,,,3B/SS,3100,STL,@CHC,3.46,Arrieta,0.251,-15%,R,R,0.328,-2%,0.145,-9,x,6,-,2%,5%,0%,6.3,6.9,6.9,1.0,12.7,0.0,0.0,3.0,1.0
Howie Kendrick,1,,2B/OF,3100,LAD,PIT,4.16,Nova,0.333,4%,R,R,0.318,-2%,0.111,-5,8,5,-3,-1%,0%,0%,6.4,7.1,6.6,0.2,13.0,6.3,2.0,11.0,3.5
Drew Stubbs,,,OF,3100,TEX,DET,5.55,Sanchez,0.315,0%,R,R,0.309,-3%,0.174,9,x,x,-,0%,0%,0%,5.8,6.4,6.4,1.0,11.9,0.0,0.0,0.0,0.0
Miguel Montero,,,C,3100,CHC,STL,4.54,Wainwright,0.292,-6%,R,L,0.318,4%,0.141,7,7,8,1,0%,4%,0%,4.3,5.7,5.7,-0.4,11.8,5.6,1.8,2.0,0.6
David Ross,,,C,3100,CHC,STL,4.54,Wainwright,0.269,-11%,R,R,0.245,-9%,0.120,-17,x,9,-,1%,4%,0%,7.4,6.6,6.6,-0.4,13.7,0.0,0.0,0.0,0.0
Dae-ho Lee,3,,1B,3100,SEA,@OAK,3.82,Manaea,0.357,8%,L,R,0.333,3%,0.212,10,5,5,0,0%,1%,0%,4.3,6.6,6.6,-1.4,14.6,6.3,2.0,0.0,0.0
Geovany Soto,,,C,3100,LAA,@CLE,3.60,Carrasco,0.277,-9%,R,R,0.326,-1%,0.182,-3,6,7,1,-1%,4%,1%,3.6,6.3,6.3,0.3,12.4,5.8,1.9,5.0,1.6
Renato Nunez,,,3B,3100,OAK,SEA,4.18,Wieland,,-1%,R,R,,-2%,,-2,x,x,-,0%,0%,0%,0.0,0.0,0.0,0.0,0.0,0.0,0.0,0.0,0.0
Alex Avila,,,C,3100,CWS,@MIA,3.50,Cashner,0.338,5%,R,L,0.326,6%,0.150,12,x,x,-,0%,0%,0%,6.2,5.2,5.2,-0.5,10.9,0.0,0.0,0.0,0.0
Austin Jackson,,,OF,3100,CWS,@MIA,3.50,Cashner,0.282,-8%,R,R,0.305,-1%,0.112,-2,x,x,-,0%,0%,0%,8.4,5.7,5.7,0.5,10.8,0.0,0.0,0.0,0.0
Brian McCann,0,,C,3100,NYY,TB,4.16,Archer,0.297,-4%,R,L,0.324,0%,0.195,2,5,4,-1,2%,6%,0%,5.5,6.9,7.2,-0.4,14.7,7.7,2.5,0.0,0.0
Jeremy Hazelbaker,,,OF,3100,STL,@CHC,3.46,Arrieta,0.242,-17%,R,L,0.338,3%,0.229,11,x,8,-,1%,4%,0%,6.7,7.6,7.6,-0.1,15.3,0.0,0.0,0.0,0.0
Eduardo Escobar,,,SS,3100,MIN,KC,4.45,Ventura,0.308,-2%,R,S,0.296,-4%,0.127,-12,x,7,-,0%,0%,0%,7.6,6.0,6.0,-0.3,12.2,0.0,0.0,0.0,0.0
Andres Blanco,,,2B/3B,3100,PHI,COL,3.87,Gray,0.302,-1%,R,S,0.346,0%,0.205,6,x,x,-,0%,0%,0%,5.3,6.6,6.6,-0.5,13.6,0.0,0.0,0.0,0.0
Matt Kemp,0,,OF,3000,ATL,@WAS,2.97,Strasburg,0.284,-7%,R,R,0.328,-2%,0.185,-5,4,4,0,2%,6%,0%,7.0,7.8,8.0,-0.2,16.2,7.8,2.6,9.0,3.0
Kurt Suzuki,0,,C,3000,MIN,KC,4.45,Ventura,0.306,-2%,R,R,0.288,-3%,0.095,-5,8,7,-1,1%,0%,0%,7.3,6.2,6.2,-0.8,13.1,5.6,1.9,7.0,2.3
Stephen Piscotty,0,,OF,3000,STL,@CHC,3.46,Arrieta,0.251,-15%,R,R,0.330,-7%,0.160,-15,2,2,0,2%,4%,0%,5.8,8.0,8.4,0.8,15.9,6.8,2.3,14.0,4.7
Wilmer Flores,1,,1B/3B,3000,NYM,SD,5.18,Clemens,0.398,14%,R,R,0.286,-5%,0.121,-17,x,5,-,0%,7%,3%,4.6,6.8,6.8,-1.8,15.4,0.0,0.0,2.0,0.7
Bryce Brentz,,,OF,3000,BOS,ARI,5.76,Corbin,0.333,4%,L,R,0.355,4%,0.122,4,x,9,-,2%,5%,6%,2.3,5.1,5.1,-1.0,11.1,0.0,0.0,0.0,0.0
Max Muncy,0,,2B/OF,3000,OAK,SEA,4.18,Wieland,,1%,R,L,0.290,-1%,0.156,4,9,4,-5,-1%,1%,0%,5.3,4.5,4.5,0.3,8.6,5.2,1.7,0.0,0.0
Jarrod Saltalamacchia,,,C,3000,DET,@TEX,3.95,Darvish,0.304,-3%,R,S,0.336,3%,0.198,8,x,8,-,3%,2%,0%,3.5,6.9,6.9,-0.5,14.2,0.0,0.0,0.0,0.0
Mike Moustakas,,,3B,3000,KC,@MIN,4.05,Gibson,0.331,3%,R,L,0.315,1%,0.164,0,x,x,-,0%,0%,0%,4.5,7.5,7.5,-0.4,15.4,0.0,0.0,0.0,0.0
Kelby Tomlinson,,,2B/SS,3000,SF,BAL,3.69,Bundy,,-4%,R,R,0.297,-4%,0.055,-18,x,x,-,0%,0%,0%,5.7,5.1,5.1,0.4,9.9,0.0,0.0,0.0,0.0
Mark Teixeira,0,,1B,3000,NYY,TB,4.16,Archer,0.297,-4%,R,S,0.331,1%,0.237,13,4,3,-1,2%,6%,0%,7.3,5.8,5.8,-1.3,13.0,7.8,2.6,15.0,5.0
Byung-Ho Park,,,1B,3000,MIN,KC,4.45,Ventura,0.306,-2%,R,R,0.296,-2%,0.222,7,x,x,-,0%,0%,0%,3.3,6.5,6.5,-0.7,13.6,0.0,0.0,0.0,0.0
Matt Reynolds,0,,SS,3000,NYM,SD,5.18,Clemens,0.398,14%,R,R,,-2%,,-2,8,9,1,-1%,5%,2%,4.3,5.6,5.6,-1.6,12.9,6.9,2.3,9.0,3.0
Danny Espinosa,,,SS,3000,WAS,ATL,4.53,Foltynewicz,0.395,15%,R,S,0.275,-5%,0.142,-10,x,7,-,0%,5%,0%,5.1,7.5,6.8,-0.7,14.3,0.0,0.0,0.0,0.0
Brandon Nimmo,,,OF,3000,NYM,SD,5.18,Clemens,0.348,10%,R,L,0.257,0%,0.056,-4,x,7,-,-1%,5%,2%,3.8,5.0,5.0,-0.2,10.2,0.0,0.0,0.0,0.0
Desmond Jennings,,,OF,3000,TB,@NYY,4.34,Sabathia,0.352,8%,L,R,0.346,9%,0.168,16,x,x,-,0%,0%,0%,6.4,5.7,5.7,-1.0,12.3,0.0,0.0,0.0,0.0
Bubba Starling,,,OF,3000,KC,@MIN,4.05,Gibson,0.305,-3%,R,R,,-2%,,-2,x,x,-,0%,0%,0%,0.0,0.0,0.0,0.0,0.0,0.0,0.0,0.0,0.0
Francisco Cervelli,,,C,3000,PIT,@LAD,3.34,Stripling,0.328,0%,R,R,0.334,-1%,0.093,-8,x,7,-,-2%,0%,0%,5.0,6.1,6.1,1.2,10.9,0.0,0.0,0.0,0.0
Enrique Hernandez,1,,OF,3000,LAD,PIT,4.16,Nova,0.333,4%,R,R,0.298,-6%,0.144,-8,x,5,-,-1%,0%,0%,4.5,5.5,5.5,-2.1,13.1,0.0,0.0,0.0,0.0
Curt Casali,,,C,3000,TB,@NYY,4.34,Sabathia,0.352,8%,L,R,0.302,3%,0.194,6,x,9,-,1%,5%,0%,4.4,4.7,4.7,-1.6,11.0,0.0,0.0,0.0,0.0
Steve Pearce,0,,1B/2B,3000,BAL,@SF,3.81,Cain,0.323,1%,R,R,0.353,-3%,0.203,-8,x,5,-,-4%,0%,1%,5.1,7.7,7.7,0.4,14.9,0.0,0.0,0.0,0.0
Nick Hundley,1,,C,3000,COL,@PHI,4.63,Thompson,,-1%,R,R,0.318,2%,0.163,7,6,8,2,-3%,5%,0%,4.3,6.2,6.2,0.2,12.2,7.3,2.4,8.0,2.7
Blake Swihart,,,C/OF,3000,BOS,ARI,5.76,Corbin,0.333,4%,L,S,0.305,2%,0.071,-3,x,x,-,0%,0%,0%,7.3,6.1,6.1,0.6,11.6,0.0,0.0,0.0,0.0
Kirk Nieuwenhuis,1,,OF,3000,MIL,CIN,4.27,Bailey,0.339,5%,R,L,0.322,4%,0.198,6,7,6,-1,1%,0%,0%,5.1,6.8,6.8,-0.7,14.4,7.0,2.3,3.0,1.0
Adeiny Hechavarria,1,,SS,2900,MIA,CWS,4.00,Rodon,0.360,9%,L,R,0.304,9%,0.092,10,8,8,0,0%,0%,0%,5.9,5.6,5.5,-0.1,11.2,6.1,2.1,6.0,2.1
Ryan Hanigan,,,C,2900,BOS,ARI,5.76,Corbin,0.333,4%,L,R,0.280,3%,0.101,13,x,x,-,0%,0%,0%,3.7,4.7,4.7,-1.4,10.8,0.0,0.0,0.0,0.0
Carlos Ruiz,,,C,2900,PHI,COL,3.87,Gray,0.336,2%,R,R,0.280,-7%,0.076,-24,x,6,-,0%,4%,0%,7.9,6.3,6.3,0.8,11.8,0.0,0.0,0.0,0.0
Ezequiel Carrera,,,OF,2900,TOR,HOU,4.48,Musgrove,,1%,R,L,0.283,-5%,0.092,-4,x,x,-,0%,0%,0%,4.8,7.0,7.0,0.7,13.4,0.0,0.0,0.0,0.0
Jimmy Rollins,,,SS,2900,CWS,@MIA,3.50,Cashner,0.338,5%,R,S,0.291,-2%,0.126,2,x,x,-,0%,0%,0%,4.7,6.5,6.5,1.1,12.0,0.0,0.0,0.0,0.0
Tyler White,0,,1B,2900,HOU,@TOR,4.52,Liriano,0.306,-2%,L,R,0.285,2%,0.210,11,7,7,0,1%,0%,0%,3.8,5.8,5.8,-1.4,12.9,5.5,1.9,0.0,0.0
Socrates Brito,,,OF,2900,ARI,@BOS,3.74,Price,0.281,-8%,L,L,,-7%,,-21,x,7,-,1%,4%,5%,7.5,7.1,7.1,-0.1,14.3,0.0,0.0,0.0,0.0
Andrelton Simmons,,,SS,2900,LAA,@CLE,3.60,Carrasco,0.277,-9%,R,R,0.290,0%,0.095,-6,5,5,0,-1%,3%,0%,4.7,5.6,5.6,0.6,10.7,5.5,1.9,3.0,1.0
Ryan Raburn,,,OF,2900,COL,@PHI,4.63,Thompson,,-1%,R,R,0.298,-10%,0.163,-16,x,7,-,-2%,5%,0%,3.2,5.8,5.8,-0.2,11.8,0.0,0.0,0.0,0.0
Manuel Margot,,,OF,2900,SD,@NYM,4.32,Verrett,0.331,2%,R,R,,-2%,,-2,x,x,-,0%,0%,0%,0.0,0.0,0.0,0.0,0.0,0.0,0.0,0.0,0.0
Rafael Ortega,,,OF,2900,LAA,@CLE,3.60,Carrasco,0.293,-5%,R,L,0.258,-2%,0.073,-7,x,x,-,0%,0%,0%,3.6,5.6,5.6,-0.4,11.6,0.0,0.0,0.0,0.0
Dustin Garneau,,,C,2900,COL,@PHI,4.63,Thompson,,-1%,R,R,0.253,-4%,0.157,1,x,x,-,0%,0%,0%,5.0,5.2,5.2,-1.2,11.5,0.0,0.0,0.0,0.0
Chris Heisey,,,OF,2900,WAS,ATL,4.53,Foltynewicz,0.333,4%,R,R,0.290,-2%,0.148,-12,x,7,-,2%,5%,0%,5.1,4.8,4.8,-0.3,9.9,0.0,0.0,0.0,0.0
Ike Davis,,,1B,2900,NYY,TB,4.16,Archer,0.297,-4%,R,L,0.322,6%,0.143,8,x,x,-,0%,0%,0%,2.8,2.8,2.8,-0.3,5.9,0.0,0.0,0.0,0.0
Dariel Alvarez,,,OF,2900,BAL,@SF,3.81,Cain,0.323,1%,R,R,,-2%,,-2,x,x,-,0%,0%,0%,5.0,5.0,5.0,5.0,5.0,0.0,0.0,0.0,0.0
Cliff Pennington,0,,2B/SS,2900,LAA,@CLE,3.60,Carrasco,0.293,-5%,R,S,0.283,0%,0.083,0,8,9,1,3%,3%,1%,6.9,6.1,6.1,0.7,11.4,5.0,1.7,3.0,1.0
Melvin Upton,0,,OF,2900,TOR,HOU,4.48,Musgrove,,-1%,R,R,0.281,-1%,0.141,3,8,8,0,1%,0%,0%,3.6,7.7,7.8,-1.1,16.8,6.5,2.2,0.0,0.0
Marlon Byrd,,,OF,2900,CLE,LAA,4.40,Skaggs,0.307,-2%,L,R,0.365,9%,0.223,11,x,x,-,0%,0%,0%,9.4,7.1,7.1,-0.3,14.5,0.0,0.0,0.0,0.0
Preston Tucker,,,OF,2900,HOU,@TOR,4.52,Liriano,0.269,-11%,L,L,0.219,-10%,0.078,-27,x,6,-,1%,0%,0%,1.9,4.3,4.3,-0.9,9.4,0.0,0.0,0.0,0.0
Bryan Holaday,0,,C,2900,BOS,ARI,5.76,Corbin,0.333,4%,L,R,0.246,-2%,0.111,2,8,7,-1,2%,4%,6%,4.9,5.6,5.6,-1.2,12.3,5.7,2.0,5.0,1.7
Shawn O'Malley,0,,SS,2900,SEA,@OAK,3.82,Manaea,0.357,8%,L,S,0.307,2%,0.093,0,1,9,8,0%,1%,0%,7.9,5.7,5.7,-0.2,11.6,7.4,2.6,17.0,5.9
Travis d'Arnaud,3,,C,2900,NYM,SD,5.18,Clemens,0.398,14%,R,R,0.311,0%,0.156,-1,6,7,1,0%,7%,3%,3.9,4.7,4.7,-0.3,9.8,8.6,3.0,24.0,8.3
Ryan LaMarre,,,OF,2900,BOS,ARI,5.76,Corbin,0.333,4%,L,R,,3%,,6,x,x,-,0%,0%,0%,2.0,2.0,2.0,-0.8,4.8,0.0,0.0,0.0,0.0
Rob Brantly,,,C,2900,SEA,@OAK,3.82,Manaea,,0%,L,L,0.096,-13%,0.044,-25,x,x,-,0%,0%,0%,0.0,0.0,0.0,0.0,0.0,0.0,0.0,0.0,0.0
Andrew Lambo,,,OF,2900,OAK,SEA,4.18,Wieland,,1%,R,L,0.232,-3%,0.109,-1,x,x,-,0%,0%,0%,0.0,0.0,0.0,0.0,0.0,0.0,0.0,0.0,0.0
Phil Gosselin,0,,2B/3B,2900,ARI,@BOS,3.74,Price,0.291,-6%,L,R,0.319,2%,0.077,-5,2,x,0,3%,4%,5%,6.2,5.7,5.7,0.7,10.7,7.2,2.5,8.0,2.8
Arismendy Alcantara,,,2B,2900,OAK,SEA,4.18,Wieland,,1%,R,S,0.237,-6%,0.139,0,x,x,-,0%,0%,0%,3.5,3.5,3.5,0.2,6.8,0.0,0.0,0.0,0.0
Yadier Molina,0,,C,2900,STL,@CHC,3.46,Arrieta,0.251,-15%,R,R,0.322,0%,0.112,0,4,6,2,1%,4%,0%,7.8,5.9,6.3,1.2,11.3,5.8,2.0,0.0,0.0
Orlando Arcia,4,,SS,2900,MIL,CIN,4.27,Bailey,0.277,-9%,R,R,,-2%,,-2,2,3,1,0%,0%,0%,7.1,7.1,7.1,-0.3,14.6,6.6,2.3,0.0,0.0
Daniel Nava,,,OF,2900,LAA,@CLE,3.60,Carrasco,0.293,-5%,R,S,0.343,5%,0.116,10,x,x,-,0%,0%,0%,5.0,5.2,5.2,0.8,9.7,0.0,0.0,0.0,0.0
Joey Butler,,,OF,2900,CLE,LAA,4.40,Skaggs,0.307,-2%,L,R,0.316,2%,0.149,6,x,x,-,0%,0%,0%,0.0,0.0,0.0,0.0,0.0,0.0,0.0,0.0,0.0
Christian Vazquez,,,C,2900,BOS,ARI,5.76,Corbin,0.333,4%,L,R,0.292,3%,0.090,5,x,x,-,0%,0%,0%,4.4,4.6,4.6,-0.1,9.2,0.0,0.0,0.0,0.0
Mike Zunino,2,,C,2900,SEA,@OAK,3.82,Manaea,0.357,8%,L,R,0.293,4%,0.151,-6,7,7,0,0%,1%,0%,8.3,8.5,8.5,-0.1,17.2,6.6,2.3,4.0,1.4
J.B. Shuck,0,,OF,2900,CWS,@MIA,3.50,Cashner,0.338,5%,R,L,0.269,-3%,0.081,1,6,9,3,0%,0%,0%,3.8,5.0,5.0,-1.0,11.0,6.0,2.1,2.0,0.7
Matt Adams,,,1B,2900,STL,@CHC,3.46,Arrieta,0.242,-17%,R,L,0.352,5%,0.199,8,x,x,-,0%,0%,0%,6.4,6.6,6.6,-0.3,13.5,0.0,0.0,0.0,0.0
Tyler Goeddel,,,OF,2900,PHI,COL,3.87,Gray,0.336,2%,R,R,0.277,-2%,0.140,0,x,7,-,0%,4%,0%,4.2,4.4,4.4,-1.5,10.4,0.0,0.0,0.0,0.0
Mac Williamson,,,OF,2900,SF,BAL,3.69,Bundy,,-4%,R,R,0.327,-1%,0.150,-2,x,x,-,0%,0%,0%,7.7,6.4,6.4,-0.3,13.2,0.0,0.0,0.0,0.0
Austin Barnes,,,C,2800,LAD,PIT,4.16,Nova,0.333,4%,R,R,0.203,-4%,0.029,-8,x,x,-,0%,0%,0%,2.3,2.3,2.3,-0.2,4.8,0.0,0.0,0.0,0.0
Will Venable,,,OF,2800,LAD,PIT,4.16,Nova,0.341,5%,R,L,0.309,2%,0.145,-1,x,x,-,0%,0%,0%,2.8,2.8,2.8,-1.5,7.0,0.0,0.0,0.0,0.0
Asdrubal Cabrera,,,SS,2800,NYM,SD,5.18,Clemens,0.348,10%,R,S,0.314,1%,0.164,5,x,x,-,0%,0%,0%,3.4,6.4,6.4,0.6,12.3,0.0,0.0,0.0,0.0
Jason Coats,,,OF,2800,CWS,@MIA,3.50,Cashner,0.282,-8%,R,R,,-2%,,-2,x,9,-,-2%,0%,0%,2.9,2.9,2.9,0.6,5.2,0.0,0.0,0.0,0.0
Drew Butera,,,C,2800,KC,@MIN,4.05,Gibson,0.305,-3%,R,R,0.266,-3%,0.116,-3,x,8,-,1%,0%,0%,6.0,6.5,6.5,0.7,12.3,0.0,0.0,0.0,0.0
Raul Mondesi,,,2B,2800,KC,@MIN,4.05,Gibson,0.331,3%,R,S,,2%,,4,9,9,0,0%,0%,0%,3.7,4.5,4.5,-1.1,10.2,6.5,2.3,14.0,5.0
Tony Wolters,1,,C,2800,COL,@PHI,4.63,Thompson,,1%,R,L,0.301,0%,0.127,0,x,8,-,-2%,4%,0%,8.2,6.5,6.5,0.0,13.1,0.0,0.0,0.0,0.0
Francisco Pena,,,C,2800,BAL,@SF,3.81,Cain,0.323,1%,R,R,,-2%,,-2,x,x,-,0%,0%,0%,5.3,5.3,5.3,-1.4,12.0,0.0,0.0,0.0,0.0
Rob Refsnyder,,,1B/OF,2800,NYY,TB,4.16,Archer,0.285,-7%,R,R,0.314,-1%,0.121,-3,x,8,-,0%,5%,0%,4.8,5.6,5.6,1.0,10.2,0.0,0.0,0.0,0.0
Brett Lawrie,,,2B,2800,CWS,@MIA,3.50,Cashner,0.282,-8%,R,R,0.310,0%,0.148,-4,x,x,-,0%,0%,0%,3.8,6.9,6.7,-0.1,13.6,0.0,0.0,0.0,0.0
Eric Sogard,,,2B,2800,OAK,SEA,4.18,Wieland,,1%,R,L,0.281,1%,0.070,4,x,x,-,0%,0%,0%,0.0,0.0,0.0,0.0,0.0,0.0,0.0,0.0,0.0
John Jaso,,,1B,2800,PIT,@LAD,3.34,Stripling,,2%,R,L,0.344,3%,0.146,7,x,6,-,0%,0%,0%,3.5,5.9,5.9,0.9,10.9,0.0,0.0,0.0,0.0
Pablo Sandoval,,,3B,2800,BOS,ARI,5.76,Corbin,0.333,4%,L,S,0.255,-19%,0.080,-39,x,x,-,0%,0%,0%,2.0,2.0,2.0,2.0,2.0,0.0,0.0,0.0,0.0
Jace Peterson,,,2B/OF,2800,ATL,@WAS,2.97,Strasburg,0.271,-10%,R,L,0.300,4%,0.103,8,7,6,-1,1%,4%,0%,4.8,6.6,6.6,0.8,12.4,6.0,2.1,18.0,6.4
Jabari Blash,1,,OF,2800,SD,@NYM,4.32,Verrett,0.331,2%,R,R,0.301,-2%,0.083,-5,6,6,0,2%,7%,3%,7.7,6.7,6.7,-0.6,14.0,8.0,2.9,14.0,5.0
Ketel Marte,,,SS,2800,SEA,@OAK,3.82,Manaea,0.357,8%,L,S,0.284,-1%,0.116,10,9,9,0,0%,1%,0%,4.6,6.1,6.1,-0.4,12.7,6.1,2.2,5.0,1.8
Andrew Benintendi,1,,OF,2800,BOS,ARI,5.76,Corbin,0.288,-6%,L,L,,-7%,,-21,9,9,0,1%,4%,5%,7.4,7.4,7.4,-0.7,15.5,7.5,2.7,2.0,0.7
Kaleb Cowart,,,3B,2800,LAA,@CLE,3.60,Carrasco,0.293,-5%,R,L,0.277,1%,0.156,4,x,x,-,0%,0%,0%,1.5,1.5,1.5,-0.6,3.6,0.0,0.0,0.0,0.0
John Ryan Murphy,,,C,2800,MIN,KC,4.45,Ventura,0.306,-2%,R,R,0.242,-7%,0.053,-21,x,x,-,0%,0%,0%,1.0,1.4,1.4,-0.4,3.1,0.0,0.0,0.0,0.0
Richie Shaffer,,,1B/3B,2800,TB,@NYY,4.34,Sabathia,0.352,8%,L,R,0.253,0%,0.096,1,x,8,-,2%,6%,0%,4.0,4.0,4.0,-1.7,9.7,0.0,0.0,0.0,0.0
Kyle Skipworth,,,C,2800,CIN,@MIL,4.23,Nelson,0.358,9%,R,L,,2%,,4,x,x,-,0%,0%,0%,0.0,0.0,0.0,0.0,0.0,0.0,0.0,0.0,0.0
Deven Marrero,,,3B,2800,BOS,ARI,5.76,Corbin,0.333,4%,L,R,,3%,,6,x,x,-,0%,0%,0%,1.5,1.5,1.5,-0.6,3.6,0.0,0.0,0.0,0.0
Juan Centeno,,,C,2800,MIN,KC,4.45,Ventura,0.308,-2%,R,L,0.271,-1%,0.088,-5,x,8,-,1%,0%,0%,7.7,6.1,6.1,-0.1,12.3,0.0,0.0,0.0,0.0
Scott Schebler,2,,OF,2800,CIN,@MIL,4.23,Nelson,0.358,9%,R,L,0.301,1%,0.209,10,6,6,0,1%,0%,0%,7.1,5.7,5.7,-0.8,12.3,7.1,2.5,8.0,2.9
Kyle Waldrop,,,OF,2800,CIN,@MIL,4.23,Nelson,0.358,9%,R,L,,2%,,4,x,x,-,0%,0%,0%,2.5,2.5,2.5,-0.4,5.4,0.0,0.0,0.0,0.0
Leonys Martin,,,OF,2800,SEA,@OAK,3.82,Manaea,,0%,L,L,0.274,-8%,0.085,-26,8,7,-1,-1%,1%,0%,3.3,7.0,6.8,0.2,13.5,5.9,2.1,0.0,0.0
Chris Coghlan,,,2B/3B,2800,CHC,STL,4.54,Wainwright,0.292,-6%,R,L,0.327,2%,0.170,8,x,7,-,0%,4%,0%,5.4,4.6,4.6,-1.0,10.1,0.0,0.0,4.0,1.4
Alexi Amarista,,,2B/SS,2800,SD,@NYM,4.32,Verrett,0.316,1%,R,L,0.269,3%,0.091,13,x,x,-,0%,0%,0%,7.0,5.6,5.6,0.4,10.8,0.0,0.0,0.0,0.0
Yorman Rodriguez,,,OF,2800,CIN,@MIL,4.23,Nelson,0.293,-5%,R,R,,-2%,,-2,x,x,-,0%,0%,0%,0.0,0.0,0.0,0.0,0.0,0.0,0.0,0.0,0.0
Todd Cunningham,,,OF,2800,LAA,@CLE,3.60,Carrasco,0.293,-5%,R,S,0.219,-4%,0.047,-11,x,x,-,0%,0%,0%,4.0,4.0,4.0,-1.1,9.1,0.0,0.0,0.0,0.0
Tony Renda,,,2B/OF,2800,CIN,@MIL,4.23,Nelson,0.293,-5%,R,R,,-2%,,-2,x,6,-,0%,0%,0%,0.0,0.0,0.0,0.0,0.0,0.0,0.0,0.0,0.0
Carlos Sanchez,,,2B/SS,2800,CWS,@MIA,3.50,Cashner,0.338,5%,R,S,0.239,-3%,0.079,-8,x,9,-,0%,0%,0%,2.2,2.8,2.8,-0.9,6.5,0.0,0.0,0.0,0.0
Billy Burns,,,OF,2800,KC,@MIN,4.05,Gibson,0.331,3%,R,S,0.281,-4%,0.083,-5,x,8,-,0%,0%,0%,3.4,5.8,5.8,0.1,11.5,0.0,0.0,0.0,0.0
Tyler Flowers,,,C,2800,ATL,@WAS,2.97,Strasburg,0.284,-7%,R,R,0.297,0%,0.149,1,x,x,-,0%,0%,0%,9.7,6.6,6.6,-0.2,13.4,0.0,0.0,0.0,0.0
Ramon Cabrera,,,C,2800,CIN,@MIL,4.23,Nelson,0.358,9%,R,S,0.270,-1%,0.083,-4,x,8,-,1%,0%,0%,5.2,5.3,5.3,1.2,9.4,0.0,0.0,0.0,0.0
Nolan Reimold,0,,OF,2800,BAL,@SF,3.81,Cain,0.323,1%,R,R,0.301,0%,0.173,7,x,8,-,-4%,0%,0%,1.6,5.3,5.3,0.2,10.4,0.0,0.0,0.0,0.0
Matt McBride,,,C,2800,OAK,SEA,4.18,Wieland,,-1%,R,R,0.155,-8%,0.000,-15,x,x,-,0%,0%,0%,4.4,3.9,3.9,0.5,7.3,0.0,0.0,0.0,0.0
Ryan Flaherty,,,3B,2800,BAL,@SF,3.81,Cain,0.334,4%,R,L,0.290,1%,0.144,-1,x,9,-,-5%,0%,0%,6.4,5.2,5.2,0.0,10.4,0.0,0.0,0.0,0.0
Matt Davidson,,,3B,2800,CWS,@MIA,3.50,Cashner,0.282,-8%,R,R,0.363,0%,0.260,6,x,x,-,0%,0%,0%,7.0,7.0,7.0,7.0,7.0,0.0,0.0,0.0,0.0
Chris Parmelee,,,1B/OF,2800,NYY,TB,4.16,Archer,0.297,-4%,R,L,0.304,-1%,0.149,0,x,x,-,0%,0%,0%,22.0,22.0,22.0,0.8,43.2,0.0,0.0,0.0,0.0
Jose Pirela,,,2B,2700,SD,@NYM,4.32,Verrett,0.331,2%,R,R,0.153,-10%,0.051,-12,x,x,-,0%,0%,0%,2.3,2.1,2.1,-1.1,5.2,0.0,0.0,0.0,0.0
Justin Upton,,,OF,2700,DET,@TEX,3.95,Darvish,0.257,-13%,R,R,0.340,-1%,0.192,-3,6,6,0,1%,2%,0%,5.4,7.1,6.9,-0.7,14.5,7.1,2.6,0.0,0.0
Ty Kelly,0,,3B/OF,2700,NYM,SD,5.18,Clemens,0.348,10%,R,S,,2%,,4,x,2,-,-1%,5%,2%,5.9,5.9,5.9,-1.1,12.8,0.0,0.0,5.0,1.9
Devin Mesoraco,,,C,2700,CIN,@MIL,4.23,Nelson,0.293,-5%,R,R,0.311,-4%,0.181,1,x,x,-,0%,0%,0%,3.1,2.8,2.8,0.1,5.5,0.0,0.0,0.0,0.0
Bobby Wilson,,,C,2700,TB,@NYY,4.34,Sabathia,0.352,8%,L,R,0.241,0%,0.065,-2,9,9,0,2%,6%,0%,5.3,5.2,5.2,-1.5,11.9,5.3,2.0,4.0,1.5
Hector Sanchez,,,C,2700,SD,@NYM,4.32,Verrett,0.316,1%,R,S,0.254,-3%,0.115,0,x,x,-,0%,0%,0%,7.3,7.3,7.3,2.3,12.2,0.0,0.0,0.0,0.0
Nick Noonan,,,1B/SS,2700,SD,@NYM,4.32,Verrett,0.316,1%,R,L,,%,,,8,7,-1,0%,0%,0%,3.0,3.0,3.0,3.0,3.0,4.0,1.5,0.0,0.0
Roberto Perez,,,C,2700,CLE,LAA,4.40,Skaggs,0.307,-2%,L,R,0.285,1%,0.094,-2,8,9,1,-1%,3%,1%,3.5,3.4,3.4,-0.3,7.0,5.1,1.9,0.0,0.0
Gregorio Petit,,,2B/SS,2700,LAA,@CLE,3.60,Carrasco,0.277,-9%,R,R,0.291,-3%,0.101,-12,x,8,-,-1%,4%,1%,3.8,5.5,5.5,0.2,10.8,0.0,0.0,0.0,0.0
Hank Conger,,,C,2700,TB,@NYY,4.34,Sabathia,0.352,8%,L,S,0.286,0%,0.128,-1,x,x,-,0%,0%,0%,3.8,3.9,3.9,-2.3,10.1,0.0,0.0,0.0,0.0
Jose Rondon,,,SS,2700,SD,@NYM,4.32,Verrett,0.331,2%,R,R,,-2%,,-2,x,8,-,-1%,5%,1%,2.1,2.1,2.1,-0.1,4.4,0.0,0.0,0.0,0.0
Austin Hedges,,,C,2700,SD,@NYM,4.32,Verrett,0.331,2%,R,R,0.213,-7%,0.065,-11,x,x,-,0%,0%,0%,0.0,0.0,0.0,0.0,0.0,0.0,0.0,0.0,0.0
T.J. Rivera,0,,2B/3B,2700,NYM,SD,5.18,Clemens,0.398,14%,R,R,,%,,,2,6,4,0%,0%,0%,3.0,3.0,3.0,3.0,3.0,4.0,1.5,0.0,0.0
Craig Gentry,,,OF,2700,LAA,@CLE,3.60,Carrasco,0.277,-9%,R,R,0.274,-4%,0.052,-15,x,x,-,0%,0%,0%,3.1,3.5,3.5,0.8,6.1,0.0,0.0,0.0,0.0
Jeff Mathis,1,,C,2700,MIA,CWS,4.00,Rodon,0.360,9%,L,R,0.315,12%,0.170,26,x,7,-,-1%,0%,0%,7.9,5.4,5.4,-1.1,12.0,0.0,0.0,0.0,0.0
Josh Hamilton,,,OF,2700,TEX,DET,5.55,Sanchez,0.296,-5%,R,L,0.329,3%,0.171,-1,x,x,-,0%,0%,0%,0.0,0.0,0.0,0.0,0.0,0.0,0.0,0.0,0.0
Patrick Kivlehan,,,3B,2700,SD,@NYM,4.32,Verrett,0.331,2%,R,R,,-2%,,-2,x,x,-,0%,0%,0%,0.0,0.0,0.0,0.0,0.0,0.0,0.0,0.0,0.0
Chris Johnson,1,,1B,2700,MIA,CWS,4.00,Rodon,0.360,9%,L,R,0.367,18%,0.122,11,x,7,-,0%,0%,0%,3.7,4.9,4.9,-0.3,10.0,0.0,0.0,0.0,0.0
Michael Reed,,,OF,2700,MIL,CIN,4.27,Bailey,0.277,-9%,R,R,,-2%,,-2,x,x,-,0%,0%,0%,0.0,0.0,0.0,0.0,0.0,0.0,0.0,0.0,0.0
J.J. Hardy,,,SS,2700,BAL,@SF,3.81,Cain,0.323,1%,R,R,0.301,1%,0.122,-4,8,8,0,-3%,0%,0%,5.7,6.1,6.1,0.2,11.9,5.3,2.0,3.0,1.1
Jake Marisnick,,,OF,2700,HOU,@TOR,4.52,Liriano,0.306,-2%,L,R,0.281,4%,0.148,24,x,8,-,1%,0%,0%,4.3,4.9,4.9,-0.1,9.8,0.0,0.0,0.0,0.0
Shane Robinson,,,OF,2700,LAA,@CLE,3.60,Carrasco,0.277,-9%,R,R,0.279,1%,0.085,14,9,9,0,-1%,3%,0%,2.9,4.9,4.9,-1.1,10.9,4.5,1.7,0.0,0.0
Aaron Altherr,3,,OF,2700,PHI,COL,3.87,Gray,0.336,2%,R,R,0.363,1%,0.244,8,3,3,0,0%,4%,0%,9.8,10.5,10.5,0.2,20.9,8.0,3.0,10.0,3.7
Miguel Rojas,,,2B/SS,2700,MIA,CWS,4.00,Rodon,0.360,9%,L,R,0.206,-2%,0.059,2,7,8,1,0%,0%,0%,4.4,4.9,4.9,0.8,9.0,4.7,1.7,0.0,0.0
Trevor Brown,,,C,2700,SF,BAL,3.69,Bundy,,-4%,R,R,0.318,-1%,0.140,-2,x,8,-,-1%,0%,0%,5.3,5.9,5.9,-1.5,13.3,0.0,0.0,0.0,0.0
Steven Moya,,,OF,2700,DET,@TEX,3.95,Darvish,0.304,-3%,R,L,0.318,2%,0.218,11,x,x,-,0%,0%,0%,4.9,6.9,6.9,-1.4,15.2,0.0,0.0,0.0,0.0
Tony Cruz,,,C,2700,KC,@MIN,4.05,Gibson,0.305,-3%,R,R,0.252,1%,0.098,4,x,x,-,0%,0%,0%,0.0,0.0,0.0,0.0,0.0,0.0,0.0,0.0,0.0
Sam Fuld,,,OF,2700,OAK,SEA,4.18,Wieland,,1%,R,L,0.266,-2%,0.094,1,x,x,-,0%,0%,0%,0.0,0.0,0.0,0.0,0.0,0.0,0.0,0.0,0.0
Brett Nicholas,,,C,2700,TEX,DET,5.55,Sanchez,0.296,-5%,R,L,0.346,2%,0.310,10,x,x,-,0%,0%,0%,7.5,7.5,7.5,1.6,13.4,0.0,0.0,0.0,0.0
Jed Lowrie,,,2B,2700,OAK,SEA,4.18,Wieland,,1%,R,S,0.311,-1%,0.130,5,x,x,-,0%,0%,0%,3.9,5.6,5.5,0.7,10.3,0.0,0.0,0.0,0.0
Bruce Maxwell,,,C,2700,OAK,SEA,4.18,Wieland,,1%,R,L,,2%,,4,x,9,-,0%,0%,0%,2.4,2.4,2.4,-0.5,5.3,0.0,0.0,0.0,0.0
Ryon Healy,0,,3B,2700,OAK,SEA,4.18,Wieland,,-1%,R,R,0.336,-1%,0.246,5,8,8,0,-1%,1%,0%,5.7,5.8,5.8,-0.3,12.0,5.3,2.0,0.0,0.0
Brendan Ryan,,,2B/3B,2700,LAA,@CLE,3.60,Carrasco,0.277,-9%,R,R,0.225,-2%,0.062,-9,x,x,-,0%,0%,0%,0.0,0.0,0.0,0.0,0.0,0.0,0.0,0.0,0.0
Mark Canha,,,1B/OF,2700,OAK,SEA,4.18,Wieland,,-1%,R,R,0.339,5%,0.210,13,x,x,-,0%,0%,0%,4.4,4.8,4.8,-1.4,11.1,0.0,0.0,0.0,0.0
Leury Garcia,,,OF,2700,CWS,@MIA,3.50,Cashner,0.338,5%,R,S,0.197,-6%,0.036,-18,x,x,-,0%,0%,0%,0.0,0.0,0.0,0.0,0.0,0.0,0.0,0.0,0.0
Tyler Ladendorf,,,2B/3B,2700,OAK,SEA,4.18,Wieland,,-1%,R,R,0.169,-4%,0.000,-8,x,9,-,0%,1%,0%,1.7,1.5,1.5,-0.7,3.8,0.0,0.0,0.0,0.0
James McCann,,,C,2700,DET,@TEX,3.95,Darvish,0.257,-13%,R,R,0.243,-13%,0.069,-43,8,8,0,0%,1%,0%,6.7,5.1,5.1,-1.4,11.5,4.5,1.7,23.0,8.5
Erick Aybar,0,,SS,2700,ATL,@WAS,2.97,Strasburg,0.271,-10%,R,S,0.297,2%,0.090,2,2,2,0,2%,4%,0%,9.1,5.0,4.9,0.3,9.5,6.3,2.3,5.0,1.9
Jemile Weeks,,,2B,2600,SD,@NYM,4.32,Verrett,0.316,1%,R,S,0.265,-1%,0.085,-4,x,x,-,0%,0%,0%,2.9,3.2,3.2,-0.6,7.1,0.0,0.0,0.0,0.0
Alexei Ramirez,,,SS,2600,SD,@NYM,4.32,Verrett,0.331,2%,R,R,0.287,-2%,0.107,-2,x,8,-,0%,5%,1%,4.7,5.1,5.2,-0.7,11.2,0.0,0.0,0.0,0.0
Stefen Romero,,,OF,2600,SEA,@OAK,3.82,Manaea,0.357,8%,L,R,0.245,-2%,0.107,-1,x,x,-,0%,0%,0%,2.4,2.4,2.4,-1.0,5.8,0.0,0.0,0.0,0.0
Chris Iannetta,3,,C,2600,SEA,@OAK,3.82,Manaea,0.357,8%,L,R,0.357,14%,0.181,28,x,7,-,0%,1%,0%,3.0,5.1,5.1,-1.5,11.8,0.0,0.0,0.0,0.0
Justin O'Conner,,,C,2600,TB,@NYY,4.34,Sabathia,0.352,8%,L,R,,3%,,6,x,x,-,0%,0%,0%,0.0,0.0,0.0,0.0,0.0,0.0,0.0,0.0,0.0
Michael Morse,,,1B,2600,PIT,@LAD,3.34,Stripling,0.328,0%,R,R,0.313,-1%,0.148,-10,x,x,-,0%,0%,0%,0.0,0.0,0.0,0.0,0.0,0.0,0.0,0.0,0.0
Chris Stewart,,,C,2600,PIT,@LAD,3.34,Stripling,0.328,0%,R,R,0.268,-3%,0.060,8,x,x,-,0%,0%,0%,3.0,4.6,4.6,0.2,9.0,0.0,0.0,0.0,0.0
Martin Maldonado,,,C,2600,MIL,CIN,4.27,Bailey,0.277,-9%,R,R,0.258,-3%,0.098,-13,8,8,0,1%,0%,0%,6.5,5.7,5.7,0.0,11.3,5.0,1.9,0.0,0.0
Cody Asche,,,OF,2600,PHI,COL,3.87,Gray,0.302,-1%,R,L,0.300,0%,0.154,5,x,7,-,0%,4%,0%,3.2,5.7,5.7,-0.5,11.8,0.0,0.0,0.0,0.0
Ryan Brett,,,2B,2600,TB,@NYY,4.34,Sabathia,0.352,8%,L,R,,3%,,6,x,x,-,0%,0%,0%,0.0,0.0,0.0,0.0,0.0,0.0,0.0,0.0,0.0
Giovanny Urshela,,,3B,2600,CLE,LAA,4.40,Skaggs,0.307,-2%,L,R,0.299,3%,0.087,1,x,x,-,0%,0%,0%,0.0,0.0,0.0,0.0,0.0,0.0,0.0,0.0,0.0
Jerry Sands,,,1B/OF,2600,CWS,@MIA,3.50,Cashner,0.282,-8%,R,R,0.243,-6%,0.085,-10,x,x,-,0%,0%,0%,3.6,4.4,4.4,-0.7,9.6,0.0,0.0,0.0,0.0
Ramiro Pena,,,2B/3B,2600,SF,BAL,3.69,Bundy,0.279,-3%,R,S,0.326,4%,0.148,8,x,x,-,0%,0%,0%,5.8,6.1,6.1,0.9,11.4,0.0,0.0,0.0,0.0
Luke Maile,,,C,2600,TB,@NYY,4.34,Sabathia,0.352,8%,L,R,0.201,1%,0.067,3,x,9,-,1%,5%,0%,3.0,3.2,3.2,-0.3,6.7,0.0,0.0,0.0,0.0
Colby Rasmus,,,OF,2600,HOU,@TOR,4.52,Liriano,0.269,-11%,L,L,0.312,-6%,0.179,-15,x,x,-,0%,0%,0%,3.1,6.2,6.5,-1.0,14.0,0.0,0.0,0.0,0.0
Tom Murphy,,,C,2600,COL,@PHI,4.63,Thompson,,-1%,R,R,,-2%,,-2,x,x,-,0%,0%,0%,0.0,0.0,0.0,0.0,0.0,0.0,0.0,0.0,0.0
Ryan Kalish,,,OF,2600,CHC,STL,4.54,Wainwright,0.292,-6%,R,L,0.275,-1%,0.102,-3,x,x,-,0%,0%,0%,7.0,7.0,7.0,7.0,7.0,0.0,0.0,0.0,0.0
Kevan Smith,,,C,2600,CWS,@MIA,3.50,Cashner,0.282,-8%,R,R,,-2%,,-2,x,x,-,0%,0%,0%,0.0,0.0,0.0,0.0,0.0,0.0,0.0,0.0,0.0
Omar Narvaez,3,,C,2600,CWS,@MIA,3.50,Cashner,0.338,5%,R,L,,2%,,4,8,8,0,0%,0%,0%,6.8,6.8,6.8,5.9,7.8,5.3,2.0,11.0,4.2
Max Stassi,,,C,2600,HOU,@TOR,4.52,Liriano,0.306,-2%,L,R,,3%,,6,x,x,-,0%,0%,0%,0.0,0.0,0.0,0.0,0.0,0.0,0.0,0.0,0.0
Cristhian Adames,,,2B/SS,2600,COL,@PHI,4.63,Thompson,,1%,R,S,0.228,-5%,0.051,-14,x,8,-,-3%,4%,0%,2.9,4.3,4.3,-1.0,9.7,0.0,0.0,0.0,0.0
Eric Fryer,,,C,2600,PIT,@LAD,3.34,Stripling,0.328,0%,R,R,0.312,-1%,0.086,-10,8,8,0,-2%,0%,0%,2.1,4.6,4.6,-0.6,9.7,4.3,1.7,0.0,0.0
Matt den Dekker,,,OF,2600,WAS,ATL,4.53,Foltynewicz,0.395,15%,R,L,0.312,2%,0.130,3,x,x,-,0%,0%,0%,6.7,6.7,6.7,0.5,12.8,0.0,0.0,0.0,0.0
Brian Goodwin,1,,OF,2600,WAS,ATL,4.53,Foltynewicz,0.395,15%,R,L,,2%,,4,6,6,0,0%,4%,0%,3.0,3.0,3.0,3.0,3.0,6.7,2.6,5.0,1.9
Jordy Mercer,,,SS,2600,PIT,@LAD,3.34,Stripling,0.328,0%,R,R,0.278,-8%,0.099,-14,6,7,1,-2%,0%,0%,3.0,5.7,6.1,0.8,11.4,5.3,2.0,16.0,6.2
Tim Federowicz,,,C,2600,CHC,STL,4.54,Wainwright,0.269,-11%,R,R,0.209,-10%,0.111,-5,x,x,-,0%,0%,0%,4.0,4.0,4.0,-0.9,8.9,0.0,0.0,0.0,0.0
Christian Colon,,,2B,2600,KC,@MIN,4.05,Gibson,0.305,-3%,R,R,0.304,-2%,0.079,-9,x,9,-,1%,0%,0%,3.4,4.3,4.3,0.8,7.8,0.0,0.0,0.0,0.0
Kolten Wong,,,2B,2600,STL,@CHC,3.46,Arrieta,0.242,-17%,R,L,0.305,3%,0.129,10,8,2,-6,1%,4%,0%,7.3,5.1,5.1,0.3,10.0,5.7,2.2,2.0,0.8
Derek Dietrich,1,,2B,2600,MIA,CWS,4.00,Rodon,0.244,-9%,L,L,0.270,-11%,0.127,-22,x,6,-,-1%,0%,0%,4.3,5.9,6.0,0.1,11.9,0.0,0.0,0.0,0.0
Elias Diaz,,,C,2600,PIT,@LAD,3.34,Stripling,0.328,0%,R,R,,-2%,,-2,x,x,-,0%,0%,0%,2.0,2.0,2.0,2.0,2.0,0.0,0.0,0.0,0.0
Jose Lobaton,,,C,2600,WAS,ATL,4.53,Foltynewicz,0.395,15%,R,S,0.299,4%,0.129,12,x,x,-,0%,0%,0%,5.7,5.0,5.0,-1.2,11.2,0.0,0.0,0.0,0.0
Andrew Romine,,,OF/SS,2600,DET,@TEX,3.95,Darvish,0.304,-3%,R,L,0.260,-2%,0.053,-2,9,9,0,1%,1%,0%,7.2,5.7,5.7,0.8,10.5,5.2,2.0,0.0,0.0
Jacob Stallings,,,C,2600,PIT,@LAD,3.34,Stripling,0.328,0%,R,R,,-2%,,-2,x,x,-,0%,0%,0%,3.5,3.5,3.5,-1.4,8.4,0.0,0.0,0.0,0.0
Eric Campbell,,,1B/3B,2600,NYM,SD,5.18,Clemens,0.398,14%,R,R,0.282,-1%,0.088,-4,x,x,-,0%,0%,0%,3.7,4.2,4.2,-1.3,9.6,0.0,0.0,0.0,0.0
Jon Singleton,,,1B,2600,HOU,@TOR,4.52,Liriano,0.269,-11%,L,L,0.355,-1%,0.209,-11,x,x,-,0%,0%,0%,0.0,0.0,0.0,0.0,0.0,0.0,0.0,0.0,0.0
Boog Powell,,,OF,2600,SEA,@OAK,3.82,Manaea,,0%,L,L,,-7%,,-21,x,x,-,0%,0%,0%,0.0,0.0,0.0,0.0,0.0,0.0,0.0,0.0,0.0
Christian Villanueva,,,2B/3B,2600,CHC,STL,4.54,Wainwright,0.269,-11%,R,R,,-2%,,-2,x,x,-,0%,0%,0%,0.0,0.0,0.0,0.0,0.0,0.0,0.0,0.0,0.0
Hanser Alberto,,,2B/SS,2600,TEX,DET,5.55,Sanchez,0.315,0%,R,R,0.249,-4%,0.059,-10,x,x,-,0%,0%,0%,3.6,3.0,3.0,0.2,5.8,0.0,0.0,0.0,0.0
Wilmer Difo,1,,2B,2600,WAS,ATL,4.53,Foltynewicz,0.395,15%,R,S,,2%,,4,7,x,0,1%,4%,0%,10.7,10.7,10.7,4.3,17.0,7.3,2.8,3.0,1.2
Josh Bell,,,OF,2600,PIT,@LAD,3.34,Stripling,,2%,R,S,,2%,,4,x,x,-,0%,0%,0%,0.0,0.0,0.0,0.0,0.0,0.0,0.0,0.0,0.0
Cole Gillespie,,,OF,2600,MIA,CWS,4.00,Rodon,0.360,9%,L,R,0.287,1%,0.049,-14,x,x,-,0%,0%,0%,9.2,9.2,9.2,2.8,15.6,0.0,0.0,0.0,0.0
Greg Garcia,,,2B/SS,2600,STL,@CHC,3.46,Arrieta,0.242,-17%,R,L,0.326,1%,0.130,0,6,6,0,2%,3%,0%,3.5,5.8,5.8,0.8,10.8,5.3,2.0,2.0,0.8
Danny Worth,,,2B/SS,2600,HOU,@TOR,4.52,Liriano,0.306,-2%,L,R,0.163,-2%,0.042,-1,x,x,-,0%,0%,0%,3.0,3.0,3.0,-0.7,6.7,0.0,0.0,0.0,0.0
Jeimer Candelario,,,3B,2600,CHC,STL,4.54,Wainwright,0.292,-6%,R,S,,2%,,4,x,x,-,0%,0%,0%,1.7,1.7,1.7,0.1,3.2,0.0,0.0,0.0,0.0
Pedro Severino,,,C,2600,WAS,ATL,4.53,Foltynewicz,0.333,4%,R,R,,-2%,,-2,x,x,-,0%,0%,0%,5.7,5.7,5.7,0.2,11.2,0.0,0.0,0.0,0.0
Charlie Tilson,,,OF,2600,CWS,@MIA,3.50,Cashner,0.338,5%,R,L,,2%,,4,x,x,-,0%,0%,0%,3.0,3.0,3.0,3.0,3.0,0.0,0.0,0.0,0.0
Brandon Snyder,,,3B,2600,ATL,@WAS,2.97,Strasburg,0.284,-7%,R,R,0.094,-8%,0.073,-6,x,x,-,0%,0%,0%,5.8,5.8,5.8,-0.5,12.0,0.0,0.0,0.0,0.0
Alex Rodriguez,2,,1B/3B,2600,NYY,TB,4.16,Archer,0.285,-7%,R,R,0.330,-2%,0.209,2,3,4,1,1%,6%,0%,3.2,6.0,6.0,-0.4,12.5,7.6,2.9,7.0,2.7
Rene Rivera,,,C,2600,NYM,SD,5.18,Clemens,0.398,14%,R,R,0.257,-6%,0.121,-9,x,8,-,0%,6%,2%,5.9,5.1,5.1,-1.2,11.5,0.0,0.0,0.0,0.0
Collin Cowgill,,,OF,2500,CLE,LAA,4.40,Skaggs,0.307,-2%,L,R,0.307,7%,0.140,18,x,x,-,0%,0%,0%,0.5,0.5,0.5,-0.5,1.5,0.0,0.0,0.0,0.0
Cole Figueroa,,,3B,2500,MIA,CWS,4.00,Rodon,0.244,-9%,L,L,,-7%,,-21,x,x,-,0%,0%,0%,4.3,4.3,4.3,-1.1,9.6,0.0,0.0,0.0,0.0
Joey Rickard,,,OF,2500,BAL,@SF,3.81,Cain,0.323,1%,R,R,0.273,-6%,0.075,-16,x,x,-,0%,0%,0%,4.3,6.4,6.4,0.8,12.0,0.0,0.0,0.0,0.0
Jesus Sucre,,,C,2500,SEA,@OAK,3.82,Manaea,0.357,8%,L,R,0.284,4%,0.074,1,x,x,-,0%,0%,0%,2.3,2.3,2.3,1.8,2.9,0.0,0.0,0.0,0.0
Andrew Toles,,,OF,2500,LAD,PIT,4.16,Nova,0.341,5%,R,L,0.330,2%,0.081,0,x,x,-,0%,0%,0%,5.8,5.8,5.8,0.4,11.2,0.0,0.0,0.0,0.0
Zach Walters,0,,2B/3B,2500,LAD,PIT,4.16,Nova,0.341,5%,R,S,0.233,-4%,0.175,4,x,x,-,0%,0%,0%,0.0,0.0,0.0,0.0,0.0,0.0,0.0,0.0,0.0
Daniel Robertson,,,OF,2500,SEA,@OAK,3.82,Manaea,0.357,8%,L,R,0.330,5%,0.074,-2,x,x,-,0%,0%,0%,3.3,3.3,3.3,-2.4,9.1,0.0,0.0,0.0,0.0
Anthony Gose,,,OF,2500,DET,@TEX,3.95,Darvish,0.304,-3%,R,L,0.313,6%,0.124,14,x,x,-,0%,0%,0%,4.6,5.2,5.2,-1.2,11.7,0.0,0.0,0.0,0.0
Rob Segedin,,,3B/OF,2500,LAD,PIT,4.16,Nova,0.333,4%,R,R,,-2%,,-2,x,8,-,0%,0%,0%,5.8,5.8,5.8,-1.4,12.9,0.0,0.0,0.0,0.0
Charlie Culberson,,,3B/SS,2500,LAD,PIT,4.16,Nova,0.333,4%,R,R,0.262,-4%,0.101,-5,x,x,-,0%,0%,0%,5.0,5.0,5.0,-0.8,10.8,0.0,0.0,0.0,0.0
Erik Gonzalez,,,SS,2500,CLE,LAA,4.40,Skaggs,0.307,-2%,L,R,,3%,,6,x,x,-,0%,0%,0%,5.0,5.0,5.0,5.0,5.0,0.0,0.0,0.0,0.0
Ehire Adrianza,,,2B/SS,2500,SF,BAL,3.69,Bundy,0.279,-3%,R,S,0.274,-1%,0.079,-10,x,8,-,-1%,0%,0%,8.4,8.4,8.4,2.6,14.2,0.0,0.0,0.0,0.0
Yan Gomes,,,C,2500,CLE,LAA,4.40,Skaggs,0.307,-2%,L,R,0.339,10%,0.171,-2,x,x,-,0%,0%,0%,1.4,5.1,5.1,-1.4,11.6,0.0,0.0,0.0,0.0
Derek Norris,,,C,2500,SD,@NYM,4.32,Verrett,0.331,2%,R,R,0.280,-10%,0.131,-13,x,7,-,1%,6%,2%,2.3,6.2,6.0,-0.7,12.7,0.0,0.0,0.0,0.0
Steve Clevenger,,,C,2500,SEA,@OAK,3.82,Manaea,,0%,L,L,,-7%,,-21,x,x,-,0%,0%,0%,5.5,5.4,5.4,-0.5,11.2,0.0,0.0,0.0,0.0
Mike Freeman,,,2B/OF,2500,SEA,@OAK,3.82,Manaea,,0%,L,L,,-7%,,-21,x,9,-,0%,0%,0%,3.3,3.3,3.3,-0.8,7.5,0.0,0.0,0.0,0.0
Guillermo Heredia,,,OF,2500,SEA,@OAK,3.82,Manaea,0.357,8%,L,S,,3%,,6,x,1,-,0%,1%,0%,8.6,8.6,8.6,1.4,15.8,0.0,0.0,0.0,0.0
Don Kelly,,,3B,2500,MIA,CWS,4.00,Rodon,0.244,-9%,L,L,0.250,-8%,0.053,-25,x,x,-,0%,0%,0%,4.3,4.3,4.3,-5.0,13.5,0.0,0.0,0.0,0.0
Darin Mastroianni,,,OF,2500,MIN,KC,4.45,Ventura,0.306,-2%,R,R,0.183,-6%,0.017,-13,x,x,-,0%,0%,0%,3.7,3.7,3.7,-2.7,10.0,0.0,0.0,0.0,0.0
Tomas Telis,,,C,2500,MIA,CWS,4.00,Rodon,0.360,9%,L,S,,3%,,6,x,x,-,0%,0%,0%,0.0,0.0,0.0,0.0,0.0,0.0,0.0,0.0,0.0
Dioner Navarro,1,,C,2500,CWS,@MIA,3.50,Cashner,0.338,5%,R,S,0.297,-6%,0.119,-15,x,7,-,-3%,0%,0%,4.0,5.1,5.1,-0.9,11.0,0.0,0.0,0.0,0.0
Michael Martinez,,,2B/OF,2500,CLE,LAA,4.40,Skaggs,0.307,-2%,L,S,0.213,0%,0.019,-5,9,x,0,-1%,3%,0%,6.1,5.2,5.2,-0.6,10.9,5.1,2.0,5.0,2.0
Ruben Tejada,,,3B/SS,2500,SF,BAL,3.69,Bundy,,-4%,R,R,0.269,-4%,0.072,-5,x,x,-,0%,0%,0%,4.1,4.2,4.2,1.1,7.2,0.0,0.0,0.0,0.0
Chris Colabello,,,1B,2500,TOR,HOU,4.48,Musgrove,,-1%,R,R,0.331,2%,0.169,2,x,x,-,0%,0%,0%,1.6,1.6,1.6,-0.8,3.9,0.0,0.0,0.0,0.0
Jason Castro,,,C,2500,HOU,@TOR,4.52,Liriano,0.269,-11%,L,L,0.266,-13%,0.111,-32,9,9,0,1%,0%,0%,3.0,5.7,5.7,-0.9,12.2,5.0,2.0,2.0,0.8
Kevin Plawecki,,,C,2500,NYM,SD,5.18,Clemens,0.398,14%,R,R,0.260,-2%,0.057,-23,x,x,-,0%,0%,0%,3.8,4.0,4.0,0.6,7.5,0.0,0.0,0.0,0.0
Mikie Mahtook,3,,OF,2500,TB,@NYY,4.34,Sabathia,0.352,8%,L,R,0.407,8%,0.300,20,5,5,0,1%,5%,0%,3.8,3.6,3.6,-0.1,7.2,7.4,3.0,0.0,0.0
Gary Sanchez,1,,C,2500,NYY,TB,4.16,Archer,0.285,-7%,R,R,,-2%,,-2,x,7,-,0%,6%,0%,8.1,8.1,8.1,0.1,16.1,0.0,0.0,0.0,0.0
Alex Guerrero,,,3B/OF,2500,LAD,PIT,4.16,Nova,0.333,4%,R,R,0.299,-2%,0.219,8,x,x,-,0%,0%,0%,0.0,0.0,0.0,0.0,0.0,0.0,0.0,0.0,0.0
Rafael Ynoa,,,2B/OF,2500,COL,@PHI,4.63,Thompson,,1%,R,S,0.301,1%,0.080,-6,x,x,-,0%,0%,0%,0.0,0.0,0.0,0.0,0.0,0.0,0.0,0.0,0.0
Dalton Pompey,,,OF,2500,TOR,HOU,4.48,Musgrove,,1%,R,S,0.310,1%,0.202,10,x,x,-,0%,0%,0%,0.0,0.0,0.0,0.0,0.0,0.0,0.0,0.0,0.0
Grant Green,,,2B,2500,SF,BAL,3.69,Bundy,,-4%,R,R,0.286,-1%,0.097,-4,x,x,-,0%,0%,0%,5.8,6.0,6.0,1.2,10.8,0.0,0.0,0.0,0.0
Brandon Barnes,,,OF,2500,COL,@PHI,4.63,Thompson,,-1%,R,R,0.286,-1%,0.133,12,x,x,-,0%,0%,0%,2.5,4.1,4.1,-0.9,9.1,0.0,0.0,0.0,0.0
Ben Gamel,,,OF,2500,NYY,TB,4.16,Archer,0.297,-4%,R,L,,2%,,4,x,x,-,0%,0%,0%,2.0,2.0,2.0,2.0,2.0,0.0,0.0,0.0,0.0
Peter Bourjos,,,OF,2500,PHI,COL,3.87,Gray,0.336,2%,R,R,0.294,1%,0.130,6,8,x,0,0%,4%,0%,3.4,5.7,5.6,-0.5,11.7,6.3,2.5,9.0,3.6
Tyler Collins,0,,OF,2400,DET,@TEX,3.95,Darvish,0.304,-3%,R,L,0.331,3%,0.181,11,2,3,1,2%,1%,0%,7.5,6.0,6.0,-1.3,13.4,7.2,3.0,16.0,6.7
Matt Dominguez,,,1B/3B,2400,TOR,HOU,4.48,Musgrove,,-1%,R,R,0.278,0%,0.139,1,x,x,-,0%,0%,0%,0.7,0.7,0.7,-0.5,1.8,0.0,0.0,0.0,0.0
A.J. Ellis,,,C,2400,LAD,PIT,4.16,Nova,0.333,4%,R,R,0.276,-6%,0.090,-16,x,8,-,-1%,0%,0%,3.8,4.0,4.0,-0.4,8.4,0.0,0.0,0.0,0.0
Austin Romine,,,C,2400,NYY,TB,4.16,Archer,0.285,-7%,R,R,0.239,-6%,0.103,-8,x,8,-,0%,6%,0%,6.3,5.3,5.3,-0.2,10.9,0.0,0.0,0.0,0.0
Aaron Hicks,,,OF,2400,NYY,TB,4.16,Archer,0.285,-7%,R,R,0.267,-5%,0.107,-12,9,9,0,0%,5%,0%,4.7,4.4,4.4,-0.2,9.0,5.4,2.3,14.0,5.8
Luis Sardinas,,,3B/SS,2400,SEA,@OAK,3.82,Manaea,0.357,8%,L,S,0.289,4%,0.138,15,x,x,-,0%,0%,0%,2.3,3.8,3.8,-1.0,8.6,0.0,0.0,0.0,0.0
Carl Crawford,,,OF,2400,LAD,PIT,4.16,Nova,0.341,5%,R,L,0.323,2%,0.128,5,x,x,-,0%,0%,0%,2.6,3.4,3.4,-0.2,7.0,0.0,0.0,0.0,0.0
Chris Gimenez,,,C,2400,CLE,LAA,4.40,Skaggs,0.307,-2%,L,R,0.326,4%,0.198,13,x,9,-,-1%,4%,1%,3.9,3.9,3.9,-1.4,9.3,0.0,0.0,0.0,0.0
Tuffy Gosewisch,0,,C,2400,ARI,@BOS,3.74,Price,0.291,-6%,L,R,0.248,2%,0.069,-1,8,8,0,4%,4%,6%,6.0,5.1,5.1,-3.4,13.6,5.3,2.2,17.0,7.1
Ryan Goins,,,2B/SS,2400,TOR,HOU,4.48,Musgrove,,1%,R,L,0.272,4%,0.108,5,x,x,-,0%,0%,0%,4.9,4.1,4.1,-1.3,9.5,0.0,0.0,0.0,0.0
Emilio Bonifacio,,,2B,2400,ATL,@WAS,2.97,Strasburg,0.271,-10%,R,S,0.255,-6%,0.071,-10,x,x,-,0%,0%,0%,3.0,3.0,3.0,0.9,5.1,0.0,0.0,0.0,0.0
Jeff Francoeur,,,OF,2400,ATL,@WAS,2.97,Strasburg,0.284,-7%,R,R,0.274,-1%,0.157,15,x,7,-,2%,5%,0%,5.8,6.4,6.4,0.3,12.5,0.0,0.0,0.0,0.0
Manny Pina,1,,C,2400,MIL,CIN,4.27,Bailey,0.277,-9%,R,R,,-2%,,-2,x,8,-,0%,0%,0%,7.0,7.0,7.0,-0.8,14.8,0.0,0.0,18.0,7.5
Darrell Ceciliani,,,OF,2400,TOR,HOU,4.48,Musgrove,,1%,R,L,0.245,-1%,0.081,-2,9,7,-2,0%,0%,0%,0.0,0.0,0.0,0.0,0.0,3.1,1.3,7.0,2.9
Andy Wilkins,,,1B,2400,MIL,CIN,4.27,Bailey,0.339,5%,R,L,0.202,-2%,0.107,0,x,7,-,1%,0%,0%,7.0,7.0,7.0,1.3,12.7,0.0,0.0,0.0,0.0
Jake Elmore,,,1B/3B,2400,MIL,CIN,4.27,Bailey,0.277,-9%,R,R,0.217,-11%,0.063,-15,x,x,-,0%,0%,0%,4.0,4.0,4.0,0.4,7.6,0.0,0.0,0.0,0.0
Rymer Liriano,,,OF,2400,MIL,CIN,4.27,Bailey,0.277,-9%,R,R,0.259,-4%,0.018,-13,x,x,-,0%,0%,0%,0.0,0.0,0.0,0.0,0.0,0.0,0.0,0.0,0.0
Will Middlebrooks,,,3B,2400,MIL,CIN,4.27,Bailey,0.277,-9%,R,R,0.256,-4%,0.142,-2,x,x,-,0%,0%,0%,2.9,2.9,2.9,0.0,5.7,0.0,0.0,0.0,0.0
Oscar Hernandez,,,C,2400,ARI,@BOS,3.74,Price,0.291,-6%,L,R,,3%,,6,x,8,-,3%,4%,5%,14.0,14.0,14.0,14.0,14.0,0.0,0.0,0.0,0.0
Chase d'Arnaud,,,3B/SS,2400,ATL,@WAS,2.97,Strasburg,0.284,-7%,R,R,0.291,-3%,0.089,-9,x,8,-,1%,4%,0%,6.4,6.4,6.4,0.7,12.1,0.0,0.0,0.0,0.0
Josh Thole,,,C,2300,TOR,HOU,4.48,Musgrove,,1%,R,L,0.236,-3%,0.043,-16,x,9,-,0%,0%,0%,4.9,3.1,3.1,-0.7,7.0,0.0,0.0,0.0,0.0
Cedric Hunter,,,OF,2300,PHI,COL,3.87,Gray,0.302,-1%,R,L,0.147,-2%,0.091,1,x,x,-,0%,0%,0%,2.7,2.7,2.7,-3.2,8.6,0.0,0.0,0.0,0.0
Jimmy Paredes,,,OF,2300,PHI,COL,3.87,Gray,0.302,-1%,R,S,0.307,6%,0.149,13,x,7,-,0%,5%,0%,2.4,4.4,4.4,-0.8,9.7,0.0,0.0,0.0,0.0
David Lough,,,OF,2300,PHI,COL,3.87,Gray,0.302,-1%,R,L,0.302,1%,0.124,2,x,x,-,0%,0%,0%,4.4,4.9,4.9,1.3,8.6,0.0,0.0,0.0,0.0
Paul Janish,,,3B,2300,BAL,@SF,3.81,Cain,0.323,1%,R,R,0.266,-3%,0.065,-8,x,x,-,0%,0%,0%,3.2,3.2,3.2,0.7,5.7,0.0,0.0,0.0,0.0
Mason Williams,,,OF,2300,NYY,TB,4.16,Archer,0.297,-4%,R,L,,2%,,4,x,x,-,0%,0%,0%,0.0,0.0,0.0,0.0,0.0,0.0,0.0,0.0,0.0
Ronald Torreyes,,,3B/SS,2300,NYY,TB,4.16,Archer,0.285,-7%,R,R,0.282,-3%,0.121,-3,x,9,-,-1%,4%,0%,2.8,3.7,3.7,-1.5,9.0,0.0,0.0,0.0,0.0
Taylor Featherston,,,2B/3B,2300,PHI,COL,3.87,Gray,0.336,2%,R,R,0.171,-10%,0.089,-8,x,7,-,0%,4%,0%,1.0,1.0,1.0,-0.7,2.7,0.0,0.0,0.0,0.0
Jorge Alfaro,,,C,2300,PHI,COL,3.87,Gray,0.336,2%,R,R,,-2%,,-2,x,x,-,0%,0%,0%,0.0,0.0,0.0,0.0,0.0,0.0,0.0,0.0,0.0
Ramon Flores,,,OF,2300,MIL,CIN,4.27,Bailey,0.339,5%,R,L,0.243,-4%,0.058,-13,x,x,-,0%,0%,0%,1.9,4.2,4.2,-0.2,8.5,0.0,0.0,14.0,6.1
Yadiel Rivera,,,2B/SS,2300,MIL,CIN,4.27,Bailey,0.277,-9%,R,R,0.207,-5%,0.043,-8,x,x,-,0%,0%,0%,2.9,3.4,3.4,-1.1,8.0,0.0,0.0,0.0,0.0
Gordon Beckham,,,2B/3B,2300,ATL,@WAS,2.97,Strasburg,0.284,-7%,R,R,0.286,-1%,0.118,-2,x,5,-,2%,5%,0%,4.8,6.1,6.1,-0.4,12.7,0.0,0.0,0.0,0.0
Darnell Sweeney,,,2B/OF,2300,PHI,COL,3.87,Gray,0.302,-1%,R,S,0.273,0%,0.190,7,x,x,-,0%,0%,0%,0.0,0.0,0.0,0.0,0.0,0.0,0.0,0.0,0.0
Emmanuel Burriss,,,2B/OF,2300,PHI,COL,3.87,Gray,0.302,-1%,R,S,0.261,1%,0.097,1,x,x,-,0%,0%,0%,1.7,1.7,1.7,-0.4,3.7,0.0,0.0,0.0,0.0
Julio Borbon,,,OF,2300,BAL,@SF,3.81,Cain,0.334,4%,R,L,0.244,-2%,0.052,-7,x,x,-,0%,0%,0%,2.7,2.7,2.7,0.2,5.2,0.0,0.0,0.0,0.0
Slade Heathcott,,,OF,2300,NYY,TB,4.16,Archer,0.297,-4%,R,L,,2%,,4,x,x,-,0%,0%,0%,0.0,0.0,0.0,0.0,0.0,0.0,0.0,0.0,0.0
Casey McGehee,,,1B/3B,2200,DET,@TEX,3.95,Darvish,0.257,-13%,R,R,0.303,2%,0.075,5,7,7,0,1%,1%,0%,3.8,3.8,3.8,2.3,5.3,5.1,2.3,2.0,0.9
Mike Aviles,,,OF,2200,DET,@TEX,3.95,Darvish,0.257,-13%,R,R,0.269,0%,0.097,3,x,9,-,1%,1%,0%,2.5,4.4,4.4,0.2,8.7,0.0,0.0,0.0,0.0
Caleb Joseph,,,C,2200,BAL,@SF,3.81,Cain,0.323,1%,R,R,0.279,0%,0.119,-10,x,9,-,-3%,0%,0%,3.1,2.8,2.8,-0.1,5.8,0.0,0.0,0.0,0.0
Daniel Castro,,,2B/SS,2200,ATL,@WAS,2.97,Strasburg,0.284,-7%,R,R,0.196,-9%,0.015,-25,x,x,-,0%,0%,0%,1.8,3.3,3.3,-0.5,7.1,0.0,0.0,0.0,0.0
Brayan Pena,,,C,2200,STL,@CHC,3.46,Arrieta,0.242,-17%,R,S,0.313,7%,0.095,16,x,x,-,0%,0%,0%,2.5,2.5,2.5,1.8,3.2,0.0,0.0,0.0,0.0
Anthony Recker,1,,C,2200,ATL,@WAS,2.97,Strasburg,0.284,-7%,R,R,0.277,-1%,0.143,-7,8,8,0,2%,5%,0%,6.3,6.4,6.4,2.9,9.9,5.3,2.4,16.0,7.3
Alberto Rosario,,,C,2200,STL,@CHC,3.46,Arrieta,0.251,-15%,R,R,,-2%,,-2,x,8,-,0%,4%,0%,3.0,3.0,3.0,1.0,5.0,0.0,0.0,0.0,0.0
Darwin Barney,,,2B/SS,2200,TOR,HOU,4.48,Musgrove,,-1%,R,R,0.253,-6%,0.091,-10,x,9,-,0%,0%,0%,1.8,5.0,5.0,-0.5,10.4,0.0,0.0,0.0,0.0
Dustin Ackley,,,1B/OF,2200,NYY,TB,4.16,Archer,0.297,-4%,R,L,0.307,4%,0.152,14,x,x,-,0%,0%,0%,3.9,2.9,2.9,-0.5,6.2,0.0,0.0,0.0,0.0
Reid Brignac,,,3B,2100,ATL,@WAS,2.97,Strasburg,0.271,-10%,R,L,0.246,-5%,0.101,-6,x,x,-,0%,0%,0%,3.8,3.8,3.8,-1.3,8.8,0.0,0.0,0.0,0.0
A.J. Pierzynski,,,C,2100,ATL,@WAS,2.97,Strasburg,0.271,-10%,R,L,0.306,3%,0.133,11,x,8,-,2%,5%,0%,5.4,4.5,4.5,-0.1,9.1,0.0,0.0,0.0,0.0
Juan Uribe,,,3B,2100,CLE,LAA,4.40,Skaggs,0.307,-2%,L,R,0.316,0%,0.175,16,x,x,-,0%,0%,0%,2.6,4.9,4.9,-0.7,10.5,0.0,0.0,0.0,0.0
Nick Ahmed,,,SS,2000,ARI,@BOS,3.74,Price,0.291,-6%,L,R,0.297,8%,0.121,9,x,x,-,0%,0%,0%,2.8,4.5,4.6,-0.9,10.2,0.0,0.0,0.0,0.0
Justin Ruggiano,,,OF,2000,NYM,SD,5.18,Clemens,0.398,14%,R,R,0.291,-10%,0.128,-26,x,x,-,0%,0%,0%,3.3,3.3,3.3,-0.2,6.8,0.0,0.0,0.0,0.0
Jose Iglesias,,,SS,2000,DET,@TEX,3.95,Darvish,0.257,-13%,R,R,0.293,-5%,0.053,-32,x,6,-,1%,1%,0%,2.8,5.5,5.5,0.4,10.6,0.0,0.0,0.0,0.0
